record_id,knowledge_type,location_name,state_province,country,subregion,region,climate_zone,climate_classification_system,latitude_band,longitude_band,season,normalized_season,typical_temperature_context,temperature_range,rainfall_pattern,humidity_pattern,frost_risk,heat_risk,general_growing_conditions,seasonal_gardening_implications,soil_environment_context,water_management_context,planting_window_context,location_context,knowledge_text,source_name,source_url,secondary_source_name,secondary_source_url,evidence_notes,confidence_level,last_verified
SEA_IN_IMD_WINTER_001,SEASONAL_CONTEXT,,,India,,India (all-India IMD season framework),,IMD four-season calendar (India Book 2020),,,Winter,WINTER,,,,,UNKNOWN,UNKNOWN,,"Calendar definition only. Temperature, rainfall, frost and heat conditions are NOT stated by this record and differ by region; combine with the regional records for the user's location.",,,,All-India calendar definition used as a default season boundary when no regional definition is available.,"IMD (India Meteorological Department) designates the 'Winter' season in India as running December to early April. This is an all-India calendar definition only; it does not say what the weather is like. Conditions during these months vary strongly between regions, so use the regional climate and seasonal records for a specific location.","India Book 2020 (Govt. of India, Publications Division) - Climate, via knowindia.india.gov.in",https://knowindia.india.gov.in/profile/climate.php,,,"India Book 2020 lists four IMD seasons: winter Dec-early Apr; summer/pre-monsoon Apr-Jun (Apr-Jul in NW India); monsoon/rainy Jun-Sep; post-monsoon Oct-Dec. Other (non-authoritative) pages seen describe IMD seasons with different month boundaries (e.g. winter as Jan-Feb, summer Mar-May); the Government of India publication was used. Direct IMD page not checked.",MEDIUM,2026-10-07
SEA_IN_IMD_SUMMER_001,SEASONAL_CONTEXT,,,India,,India (all-India IMD season framework),,IMD four-season calendar (India Book 2020),,,Summer / pre-monsoon,SUMMER,,,,,UNKNOWN,UNKNOWN,,"Calendar definition only. Temperature, rainfall, frost and heat conditions are NOT stated by this record and differ by region; combine with the regional records for the user's location.",,,,All-India calendar definition used as a default season boundary when no regional definition is available.,"IMD (India Meteorological Department) designates the 'Summer / pre-monsoon' season in India as running April to June (April to July in north-western India). This is an all-India calendar definition only; it does not say what the weather is like. Conditions during these months vary strongly between regions, so use the regional climate and seasonal records for a specific location.","India Book 2020 (Govt. of India, Publications Division) - Climate, via knowindia.india.gov.in",https://knowindia.india.gov.in/profile/climate.php,,,"India Book 2020 lists four IMD seasons: winter Dec-early Apr; summer/pre-monsoon Apr-Jun (Apr-Jul in NW India); monsoon/rainy Jun-Sep; post-monsoon Oct-Dec. Other (non-authoritative) pages seen describe IMD seasons with different month boundaries (e.g. winter as Jan-Feb, summer Mar-May); the Government of India publication was used. Direct IMD page not checked.",MEDIUM,2026-10-07
SEA_IN_IMD_MONSOON_001,SEASONAL_CONTEXT,,,India,,India (all-India IMD season framework),,IMD four-season calendar (India Book 2020),,,Monsoon / rainy,MONSOON,,,,,UNKNOWN,UNKNOWN,,"Calendar definition only. Temperature, rainfall, frost and heat conditions are NOT stated by this record and differ by region; combine with the regional records for the user's location.",,,,All-India calendar definition used as a default season boundary when no regional definition is available.,"IMD (India Meteorological Department) designates the 'Monsoon / rainy' season in India as running June to September. This is an all-India calendar definition only; it does not say what the weather is like. Conditions during these months vary strongly between regions, so use the regional climate and seasonal records for a specific location.","India Book 2020 (Govt. of India, Publications Division) - Climate, via knowindia.india.gov.in",https://knowindia.india.gov.in/profile/climate.php,,,"India Book 2020 lists four IMD seasons: winter Dec-early Apr; summer/pre-monsoon Apr-Jun (Apr-Jul in NW India); monsoon/rainy Jun-Sep; post-monsoon Oct-Dec. Other (non-authoritative) pages seen describe IMD seasons with different month boundaries (e.g. winter as Jan-Feb, summer Mar-May); the Government of India publication was used. Direct IMD page not checked.",MEDIUM,2026-10-07
SEA_IN_IMD_POSTMON_001,SEASONAL_CONTEXT,,,India,,India (all-India IMD season framework),,IMD four-season calendar (India Book 2020),,,Post-monsoon,TRANSITIONAL,,,,,UNKNOWN,UNKNOWN,,"Calendar definition only. Temperature, rainfall, frost and heat conditions are NOT stated by this record and differ by region; combine with the regional records for the user's location.",,,,All-India calendar definition used as a default season boundary when no regional definition is available.,"IMD (India Meteorological Department) designates the 'Post-monsoon' season in India as running October to December. This is an all-India calendar definition only; it does not say what the weather is like. Conditions during these months vary strongly between regions, so use the regional climate and seasonal records for a specific location.","India Book 2020 (Govt. of India, Publications Division) - Climate, via knowindia.india.gov.in",https://knowindia.india.gov.in/profile/climate.php,,,"India Book 2020 lists four IMD seasons: winter Dec-early Apr; summer/pre-monsoon Apr-Jun (Apr-Jul in NW India); monsoon/rainy Jun-Sep; post-monsoon Oct-Dec. Other (non-authoritative) pages seen describe IMD seasons with different month boundaries (e.g. winter as Jan-Feb, summer Mar-May); the Government of India publication was used. Direct IMD page not checked.",MEDIUM,2026-10-07
LOC_IN_GORAKHPUR_001,LOCATION_MAPPING,Gorakhpur,Uttar Pradesh,India,North Eastern Plain Zone (UP-8),Middle Gangetic Plain Region (IV),"ICAR eco-region: Eastern Plain, Hot Subhumid (moist) Eco-Region (13.1)",Planning Commission agro-climatic region; ICAR agro-ecological sub-region; NARP agro-climatic zone (as listed in ICAR-CRIDA district contingency plan),about 26.8 N (district HQ 26 deg 46 min N per plan),,N/A,YEAR_ROUND,,,,,UNKNOWN,UNKNOWN,,,,,,"Gorakhpur district (Uttar Pradesh) is placed by ICAR-CRIDA in the NARP North Eastern Plain Zone (UP-8), the Planning Commission's Middle Gangetic Plain Region (IV) and ICAR's Eastern Plain, Hot Subhumid (moist) Eco-Region (13.1).","Gorakhpur (Uttar Pradesh, India) falls in the ICAR agro-ecological sub-region 'Eastern Plain, Hot Subhumid (moist) Eco-Region (13.1)', the Planning Commission's Middle Gangetic Plain Region (IV) and the NARP North Eastern Plain Zone (UP-8), per the ICAR-CRIDA contingency plan. For gardening context, use the climate and seasonal records for Gorakhpur / Middle Gangetic Plain. The broad label 'North India' is NOT used by this source and is not asserted here.",ICAR-CRIDA Agriculture Contingency Plan: Gorakhpur (Uttar Pradesh),https://icar-crida.res.in/CP/Uttar_Pradesh/UP13-Gorakhpur-28.08.12.pdf,ICAR KRISHI repository: Contingency Plan Kushinagar (Uttar Pradesh),https://krishi.icar.gov.in/jspui/handle/123456789/49039,Zone names/codes read from Gorakhpur plan section 1.1; Kushinagar KRISHI abstract lists Gorakhpur under UP-8. Plans date from about 2012. Compass labels such as 'North India' or 'Eastern UP' are informal and are not in the sources.,MEDIUM,2026-10-07
LOC_IN_BENGALURU_001,LOCATION_MAPPING,Bengaluru (Bengaluru Urban and Rural districts),Karnataka,India,Eastern Dry Zone (KA-5),Southern Plateau and Hills Region (X),ICAR agro-ecological sub-region 8.2,Planning Commission agro-climatic region; ICAR agro-ecological sub-region; NARP agro-climatic zone (as listed in ICAR-CRIDA district contingency plan),,,N/A,YEAR_ROUND,,,,,UNKNOWN,UNKNOWN,,,,,,"Bengaluru Urban and Bengaluru Rural districts are listed with Tumkur, Ramanagara, Kolar and Chikkaballapur in NARP Eastern Dry Zone (KA-5), within the Planning Commission's Southern Plateau and Hills Region (X).","Bengaluru (Karnataka, India) lies in the NARP Eastern Dry Zone (KA-5) and the Planning Commission's Southern Plateau and Hills Region (X); ICAR agro-ecological sub-region 8.2. Use Eastern Dry Zone / Southern Plateau climate records for seasonal context.","ICAR Contingency Plan: Bengaluru Rural (Karnataka), kvk.icar.gov.in",https://kvk.icar.gov.in/Contigencyplan/Bangalore%20Ruralaa9ac6f8-8669-4334-9c7e-42c240301a88.pdf,ICAR-CRIDA Agriculture Contingency Plan: Ramanagara (Karnataka),"https://www.icar-crida.res.in/CP/Karnataka/GKVK,%20Bangalore/KAR19-%20Ramanagara%2031.05.2011.pdf",Bengaluru Rural plan 1.1 lists KA-5 districts including Bengaluru Rural and Urban; Ramanagara plan lists Bangalore in KA-5.,HIGH,2026-10-07
LOC_IN_JAIPUR_001,LOCATION_MAPPING,Jaipur,Rajasthan,India,"Semi-arid Eastern Plain Zone (RJ-5, RJ-3 per plan)",Western Dry Region (Planning Commission),ICAR agro-ecological sub-region 4.1 (Northern Plain and Central Highlands incl. Aravallis),Planning Commission agro-climatic region; ICAR agro-ecological sub-region; NARP agro-climatic zone (as listed in ICAR-CRIDA district contingency plan),about 26.4-27.9 N (district range per plan),about 74.9-76.2 E (district range per plan),N/A,YEAR_ROUND,,,,,UNKNOWN,UNKNOWN,,,,,,"Jaipur district is placed by ICAR in the NARP Semi-arid Eastern Plain Zone with Ajmer, Tonk and Dausa, and in the Planning Commission's Western Dry Region.","Jaipur (Rajasthan, India) falls in the NARP Semi-arid Eastern Plain Zone and the Planning Commission's Western Dry Region; ICAR sub-region 4.1 (Northern Plain and Central Highlands including Aravallis).","ICAR Contingency Plan: Jaipur (Rajasthan), kvk.icar.gov.in",https://kvk.icar.gov.in/Contigencyplan/Jaipur%200e79fecb-7b02-4a50-87de-22195646f8f2.pdf,ICAR-CRIDA Agriculture Contingency Plan: Ajmer (Rajasthan),"https://www.icar-crida.res.in/CP/Rajastan/RAU,%20Bikaner/RAJ3-Ajmer%203.2.2011.pdf","Zone naming differs between two ICAR plans; the region name 'Western Dry Region' is consistent, the numeral and the NARP code are not.",MEDIUM,2026-10-07
LOC_IN_JODHPUR_001,LOCATION_MAPPING,Jodhpur,Rajasthan,India,Arid Western Zone (RJ-1),Western Dry Region (XIV),"ICAR agro-ecological sub-region: Western Plain, Kachchh and part of Kathiawar Peninsula, Hot Arid Eco-Region (2.1)",Planning Commission agro-climatic region; ICAR agro-ecological sub-region; NARP agro-climatic zone (as listed in ICAR-CRIDA district contingency plan),about 26.3 N (district HQ per plan),about 73.0 E (district HQ per plan),N/A,YEAR_ROUND,,,,,UNKNOWN,UNKNOWN,,,,,,"Jodhpur district is in the NARP Arid Western Zone (RJ-1) together with Barmer, Churu and Jaisalmer, within the Planning Commission's Western Dry Region (XIV).","Jodhpur (Rajasthan, India) lies in the NARP Arid Western Zone (RJ-1), the Planning Commission's Western Dry Region (XIV) and ICAR's Hot Arid Eco-Region (2.1).",ICAR-CRIDA Agriculture Contingency Plan: Jodhpur (Rajasthan),"https://icar-crida.res.in/CP/Rajastan/RAU,%20Bikaner/RAJ16-Jodhpur-9.3.2012.pdf",,,Read from Jodhpur plan section 1.1.,MEDIUM,2026-10-07
LOC_IN_PUNE_001,LOCATION_MAPPING,Pune,Maharashtra,India,"Multiple NARP zones: Western Maharashtra Plain Zone, Western Ghat Zone, Western Maharashtra Scarcity Zone (MH-6), Sub Montane Zone",Western Plateau and Hills Region (IX),"ICAR agro-ecological sub-region 6.1 (Deccan Plateau, semi-arid)",Planning Commission agro-climatic region; ICAR agro-ecological sub-region; NARP agro-climatic zone (as listed in ICAR-CRIDA district contingency plan),,,N/A,YEAR_ROUND,,,,,UNKNOWN,UNKNOWN,,,,,,"Pune district spans several NARP zones: the plan lists eastern Pune in the Plain Zone and Pune also under the Western Ghat, Scarcity and Sub Montane zones.","Pune (Maharashtra, India) belongs to the Planning Commission's Western Plateau and Hills Region (IX) and ICAR sub-region 6.1 (Deccan Plateau, semi-arid). The district spans multiple NARP zones (Western Maharashtra Plain, Western Ghat, Scarcity MH-6, Sub Montane), so climate varies within the district; ask for the specific part of the district where possible.",ICAR KRISHI repository: Contingency Plan Pune (Maharashtra),https://krishi.icar.gov.in/jspui/handle/123456789/30270,ICAR-CRIDA Agriculture Contingency Plan: Nashik (Maharashtra),"https://www.icar-crida.res.in/CP/Maharastra/MPKVV,%20Rahuri/MH7-NASIK%2031.03.2011.pdf",Multi-zone district: a single-zone label would overstate precision.,MEDIUM,2026-10-07
LOC_IN_KANCHEEPURAM_001,LOCATION_MAPPING,Kancheepuram (northern Tamil Nadu coast),Tamil Nadu,India,North Eastern Zone (TN-1),East Coast Plains and Hills Region (XI),ICAR agro-ecological sub-regions 8.3 / 18.2,Planning Commission agro-climatic region; ICAR agro-ecological sub-region; NARP agro-climatic zone (as listed in ICAR-CRIDA district contingency plan),,,N/A,YEAR_ROUND,,,,,UNKNOWN,UNKNOWN,,,,,,"Kancheepuram district is in the NARP North Eastern Zone (TN-1) with Thiruvallur, Villupuram, Cuddalore, Thiruvannamalai and Vellore, within the Planning Commission's East Coast Plains and Hills Region (XI).","Kancheepuram (Tamil Nadu, India) lies in the NARP North Eastern Zone (TN-1) and the Planning Commission's East Coast Plains and Hills Region (XI). Chennai's own zone listing was not verified in this dataset.",ICAR-CRIDA Agriculture Contingency Plan: Kancheepuram (Tamil Nadu),"https://www.icar-crida.res.in/CP/Tamilnadu/TNAU,%20Coimbattore/TN1-Kancheepuram%203.2.2011.pdf",TNAU Agritech Portal: Cropping Pattern - North Eastern Zone,https://agritech.tnau.ac.in/agriculture/agri_agrometeorology_croppingpatern_northeasternzone.html,Chennai is NOT mapped here: the TNAU zone lists reviewed do not name Chennai.,HIGH,2026-10-07
LOC_IN_KAMRUP_001,LOCATION_MAPPING,"Kamrup (Kamrup Metro and Kamrup Rural, Guwahati area)",Assam,India,Lower Brahmaputra Valley Zone (AS-4),Eastern Himalayan Region (II),"ICAR agro-ecological sub-region: Assam and Bengal Plain, Hot Subhumid to Humid (incl. Perhumid) Eco-Region",Planning Commission agro-climatic region; ICAR agro-ecological sub-region; NARP agro-climatic zone (as listed in ICAR-CRIDA district contingency plan),,,N/A,YEAR_ROUND,,,,,UNKNOWN,UNKNOWN,,,,,,"Kamrup (Metro) and Kamrup (Rural) are listed in the NARP Lower Brahmaputra Valley Zone (AS-4) with Nalbari, Barpeta, Baksa, Goalpara and Dhubri; the Planning Commission region is the Eastern Himalayan Region (II). The plan's research station address is in Guwahati.","Kamrup district (Assam, India; includes the Guwahati area) is in the NARP Lower Brahmaputra Valley Zone (AS-4) and the Planning Commission's Eastern Himalayan Region (II), in ICAR's Assam and Bengal Plain, Hot Subhumid to Humid Eco-Region.",ICAR-CRIDA Agriculture Contingency Plan: Kamrup (Assam),https://icar-crida.res.in/CP/Assam/Assam9-Kamrup.pdf,ICAR-CRIDA Agriculture Contingency Plan: Nalbari (Assam),https://icar-crida.res.in/CP/Assam/Assam6-Nalbari.pdf,,HIGH,2026-10-07
LOC_IN_SHIMLA_001,LOCATION_MAPPING,Shimla,Himachal Pradesh,India,High Hill Temperate Wet Zone (HP-3) per Shimla plan; other plans list Shimla in Mid Hills Sub-Humid Zone (HP-2),Western Himalayan Region (I),"ICAR eco-region: Western Himalayas, Warm Subhumid (to Humid with inclusion of Perhumid) Eco-Region (14.3)",Planning Commission agro-climatic region; ICAR agro-ecological sub-region; NARP agro-climatic zone (as listed in ICAR-CRIDA district contingency plan),about 30.8-31.7 N (district range per plan),about 77.0-78.3 E (district range per plan),N/A,YEAR_ROUND,,,,,UNKNOWN,UNKNOWN,,,,,,"Shimla district is in the Planning Commission's Western Himalayan Region (I). Its own plan places it in the NARP High Hill Temperate Wet Zone (HP-3), with altitude spanning roughly 300-6000 m; other district plans list Shimla in the Mid Hills Sub-Humid Zone (HP-2).","Shimla (Himachal Pradesh, India) is in the Western Himalayan Region (I), ICAR eco-region 14.3. The district has a very wide altitude range (about 300-6000 m per its plan) and is listed under both the High Hill Temperate Wet Zone (HP-3) and Mid Hills Sub-Humid Zone (HP-2); gardening conditions depend strongly on altitude.",ICAR-CRIDA Agriculture Contingency Plan: Shimla (Himachal Pradesh),https://icar-crida.res.in/CP/HimachalPradesh/HP11_Shimla_05.10.13.pdf,ICAR-CRIDA Agriculture Contingency Plan: Chamba (Himachal Pradesh),https://icar-crida.res.in/CP/HimachalPradesh/HP9_Chamba_05.10.13.pdf,Altitude range comes from the Shimla plan coordinates row (as extracted).,MEDIUM,2026-10-07
LOC_IN_BHOPAL_001,LOCATION_MAPPING,Bhopal,Madhya Pradesh,India,"Malwa Plateau Zone (MP-10, 46% of district) and Vindhya Plateau Zone (MP-5, 42%)","Central Plateau and Hills Region (VIII, 52%) and Western Plateau and Hills Region (IX, 48%)","ICAR eco-sub-region: Central Highlands (Malwa and Bundelkhand), Hot Subhumid (Dry) (10.1)",Planning Commission agro-climatic region; ICAR agro-ecological sub-region; NARP agro-climatic zone (as listed in ICAR-CRIDA district contingency plan),about 23.3 N (district HQ 23 deg 15 min N per plan),about 77.4 E (district HQ per plan),N/A,YEAR_ROUND,,,,,UNKNOWN,UNKNOWN,,,,,,"Bhopal district straddles two Planning Commission regions (VIII 52%, IX 48%) and two NARP zones (Malwa Plateau MP-10, Vindhya Plateau MP-5). District HQ altitude 427 m per the plan.","Bhopal (Madhya Pradesh, India) is split between the Central Plateau and Hills Region (VIII, 52%) and the Western Plateau and Hills Region (IX, 48%), and between the NARP Malwa Plateau Zone (MP-10) and Vindhya Plateau Zone (MP-5). ICAR eco-sub-region 10.1 (Central Highlands, Hot Subhumid-Dry).",ICAR-CRIDA Agriculture Contingency Plan: Bhopal (Madhya Pradesh),https://icar-crida.res.in/CP/madhya%20pradesh/MP42_Bhopal_24.09.13.pdf,ICAR KRISHI repository: Contingency Plan Sehore (Madhya Pradesh),https://krishi.icar.gov.in/jspui/handle/123456789/30497?mode=full, Coordinates and altitude read from the full Bhopal plan text.,HIGH,2026-10-07
LOC_IN_LUDHIANA_001,LOCATION_MAPPING,Ludhiana,Punjab,India,Central Plain Zone (PB-3),Trans-Gangetic Plains Region (VI),ICAR eco-regions 4.1 and 9.1,Planning Commission agro-climatic region; ICAR agro-ecological sub-region; NARP agro-climatic zone (as listed in ICAR-CRIDA district contingency plan),,,N/A,YEAR_ROUND,,,,,UNKNOWN,UNKNOWN,,,,,,"Ludhiana district is in the NARP Central Plain Zone (PB-3) within the Planning Commission's Trans-Gangetic Plains Region (VI); Punjab Agricultural University, Ludhiana is the zone's agromet field unit.","Ludhiana (Punjab, India) lies in the NARP Central Plain Zone (PB-3) and the Planning Commission's Trans-Gangetic Plains Region (VI).",ICAR-CRIDA Agriculture Contingency Plan: Ludhiana (Punjab),"https://icar-crida.res.in/CP/Punjab/PAU,%20Ludhiana/PUNJAB%205-Ludhiana%2030.04.2011.pdf","ICAR Contingency Plan: Amritsar (Punjab), kvk.icar.gov.in",https://kvk.icar.gov.in/Contigencyplan/Amritsar%202a3cd0fd-980e-4ea9-a755-64bbc4eb49e0.pdf,,HIGH,2026-10-07
LOC_IN_ERNAKULAM_001,LOCATION_MAPPING,Ernakulam (Kochi area),Kerala,India,Central Zone (KE-3),West Coast Plains and Ghat Region (XII),"ICAR agro-ecological sub-region: Western Ghats and Coastal Plain, Hot Humid (19.2)",Planning Commission agro-climatic region; ICAR agro-ecological sub-region; NARP agro-climatic zone (as listed in ICAR-CRIDA district contingency plan),about 10.0 N (plan),about 76.3 E (plan),N/A,YEAR_ROUND,,,,,UNKNOWN,UNKNOWN,,,,,,"Ernakulam district is in the NARP Central Zone (KE-3) with Thrissur, Palakkad, Malappuram and Wayanad, within the Planning Commission's West Coast Plains and Ghat Region (XII).","Ernakulam (Kerala, India) lies in the NARP Central Zone (KE-3) and the West Coast Plains and Ghat Region (XII); ICAR sub-region 19.2 (Western Ghats and Coastal Plain, Hot Humid).",ICAR-CRIDA Agriculture Contingency Plan: Ernakulam (Kerala),"https://icar-crida.res.in/CP/kerala/KAU,%20Trichur/KER12-Ernakulam-30-06-2011.pdf",ICAR-CRIDA Agriculture Contingency Plan: Wayanad (Kerala),"https://icar-crida.res.in/CP/kerala/KAU,%20Trichur/KER1-Waynad-30-06-2011.pdf",,HIGH,2026-10-07
LOC_IN_KOLLAM_001,LOCATION_MAPPING,Kollam,Kerala,India,"Southern Zone (Kerala; plan lists Thiruvananthapuram, Kollam, Pathanamthitta)",West Coast Plains and Ghat Region (XII),"ICAR agro-ecological sub-region: Western Ghats and Coastal Plain, Hot Humid (19.2)",Planning Commission agro-climatic region; ICAR agro-ecological sub-region; NARP agro-climatic zone (as listed in ICAR-CRIDA district contingency plan),about 8.9 N (plan),about 76.6 E (plan),N/A,YEAR_ROUND,,,,,UNKNOWN,UNKNOWN,,,,,,"Kollam district is in the NARP Southern Zone, which the plan lists as Thiruvananthapuram, Kollam and Pathanamthitta.","Kollam (Kerala, India) is in the NARP Southern Zone with Thiruvananthapuram and Pathanamthitta, within the West Coast Plains and Ghat Region (XII).",ICAR-CRIDA Agriculture Contingency Plan: Kollam (Kerala),"https://icar-crida.res.in/CP/kerala/KAU,%20Trichur/KER9-Kollam-30-06-2011.pdf",,,,MEDIUM,2026-10-07
LOC_IN_WAYANAD_001,LOCATION_MAPPING,Wayanad,Kerala,India,Central Zone (KE-3) and Northern Zone (KE-1),West Coast Plains and Ghat Region (XII),"ICAR agro-ecological sub-region 19.2 (Central and South Sahyadris, hot moist subhumid to humid)",Planning Commission agro-climatic region; ICAR agro-ecological sub-region; NARP agro-climatic zone (as listed in ICAR-CRIDA district contingency plan),,,N/A,YEAR_ROUND,,,,,UNKNOWN,UNKNOWN,,,,,,"Wayanad district is listed in two NARP zones (Central Zone KE-3, Northern Zone KE-1); plan gives altitude 700-1200 m above sea level.","Wayanad (Kerala, India) is in the West Coast Plains and Ghat Region (XII) and is listed in NARP Central Zone (KE-3) and Northern Zone (KE-1); its plan gives an altitude of 700-1200 m, which sets it apart from coastal Kerala districts.",ICAR-CRIDA Agriculture Contingency Plan: Wayanad (Kerala),"https://icar-crida.res.in/CP/kerala/KAU,%20Trichur/KER1-Waynad-30-06-2011.pdf",ICAR-CRIDA Agriculture Contingency Plan: Malappuram (Kerala),"https://icar-crida.res.in/CP/kerala/KAU,%20Trichur/KER11-Malappuram-30-06-2011.pdf",,MEDIUM,2026-10-07
LOC_IN_NORTH24PARGANAS_001,LOCATION_MAPPING,North 24 Parganas (Kolkata region),West Bengal,India,Coastal Saline Zone (WB-6) and New Alluvial Zone (WB-4),Lower Gangetic Plain Region (III),"ICAR agro-ecological sub-region 15.1 (Bengal and Assam plains, hot sub-humid moist to humid)",Planning Commission agro-climatic region; ICAR agro-ecological sub-region; NARP agro-climatic zone (as listed in ICAR-CRIDA district contingency plan),about 22.7 N (district HQ per plan),about 88.7 E (district HQ per plan),N/A,YEAR_ROUND,,,,,UNKNOWN,UNKNOWN,,,,,,North 24 Parganas is in the Planning Commission's Lower Gangetic Plain Region (III) and NARP Coastal Saline Zone (WB-6) and New Alluvial Zone (WB-4); the ICAR zone list also names Calcutta (Kolkata) and Howrah.,"North 24 Parganas (West Bengal, India), which the ICAR zone list groups with Calcutta (Kolkata) and Howrah, lies in the Lower Gangetic Plain Region (III) and NARP Coastal Saline Zone (WB-6) / New Alluvial Zone (WB-4); ICAR sub-region 15.1.","ICAR Contingency Plan: North 24 Parganas (West Bengal), kvk.icar.gov.in",https://kvk.icar.gov.in/Contigencyplan/North%20Twenty%20Four%20Parganasc7b75330-541f-4c69-9732-65ac9ba24598.pdf,ICAR KRISHI repository: Contingency Plan Murshidabad (West Bengal),https://krishi.icar.gov.in/jspui/handle/123456789/29250,'Kolkata region' is a convenience label.,MEDIUM,2026-10-07
REG_IN_GORAKHPUR_001,REGIONAL_CLIMATE,Gorakhpur district,Uttar Pradesh,India,North Eastern Plain Zone (UP-8),Middle Gangetic Plain Region (IV),North Eastern Plain Zone (UP-8),Planning Commission agro-climatic region; ICAR agro-ecological sub-region; NARP agro-climatic zone (as listed in ICAR-CRIDA district contingency plan),,,Annual (seasonal rainfall split),YEAR_ROUND,"Hot pre-monsoon, warm humid monsoon with warm nights, mild days and cool nights in winter (zone-level means; extremes not given).","Seasonal means, NE Plain Zone of UP, 2004-2023 (Tmax/Tmin C): Mar-May 35.6/19.3; Jun-Sep 30.6/25.6; Oct-Nov 26.8/14.6; Dec-Feb 24.2/8.2.","Normal rainfall by season (mm, rainy days): SW monsoon Jun-Sep 1182.1 (50); NE monsoon Oct-Dec 77.0 (2); winter Jan-Mar 46.1 (4); summer Apr-May 58.9 (5); annual 1364.1 (61). Normal SW-monsoon onset 3rd week of June; cessation 1st week of October.",,UNKNOWN,UNKNOWN,"Rainfall is strongly concentrated in the SW monsoon period; the rest of the year is comparatively dry. Temperature, humidity and frost/heat frequency are not quantified in this record.","DERIVED (from sourced rainfall figures): rain-fed moisture is mostly available during the monsoon window; outside it, normal rainfall is low, so water supply for plants outside the monsoon depends on irrigation.",,"Plan notes no arsenic or fluoride problem in groundwater, low salinity, and calcium and iron problems in the majority of the area (as stated in the plan).",Plan field-crop sowing windows (not garden-specific): kharif rainfed rice/maize/pigeonpea from the 4th week of June to the 1st week of July; rabi sowing from the 3rd week of October.,"District-level normals from the district contingency plan for Gorakhpur district; representative of the district, not of the whole zone.","Gorakhpur district (Uttar Pradesh, Middle Gangetic Plain) receives a normal annual rainfall of about 1364 mm, of which about 1182 mm falls in the June-September SW monsoon (onset about 3rd week of June, cessation about 1st week of October). Other seasons are comparatively dry: 77 mm Oct-Dec, 46 mm Jan-Mar, 59 mm Apr-May (ICAR-CRIDA district normals).",ICAR-CRIDA Agriculture Contingency Plan: Gorakhpur (Uttar Pradesh),https://icar-crida.res.in/CP/Uttar_Pradesh/UP13-Gorakhpur-28.08.12.pdf,EasyChair preprint 1706: Climatic Changes in Eastern Uttar Pradesh (Gorakhpur) - not peer reviewed,https://easychair-www.easychair.org/publications/preprint/8QGC,"Values read directly from plan section 1.2 and Annexure 2. Normal-period years not stated in the plan. Preprint is not peer reviewed and used only as corroboration. Temperature from Prince et al. 2025 (The Bioscan 20(3), https://thebioscan.com/index.php/pub/article/download/3762/3045/6891), North Eastern Plain Zone of UP, 2004-2023 seasonal means; paper's rainfall columns look implausible (cumulative) and were NOT used; paper labels seasons 'summer monsoon', 'winter monsoon' for Mar-May / Dec-Feb.",MEDIUM,2026-10-07
REG_IN_BENGALURU_001,REGIONAL_CLIMATE,Bengaluru Rural district (representative of Eastern Dry Zone KA-5),Karnataka,India,Eastern Dry Zone (KA-5),Southern Plateau and Hills Region (X),Eastern Dry Zone (KA-5),Planning Commission agro-climatic region; ICAR agro-ecological sub-region; NARP agro-climatic zone (as listed in ICAR-CRIDA district contingency plan),,,Annual (seasonal rainfall split),YEAR_ROUND,,,"Normal rainfall (mm): SW monsoon Jun-Sep 415; NE monsoon Oct-Dec 223 (Bengaluru Rural plan). Ramanagara district in the same zone: SW 426, NE 230.",,UNKNOWN,UNKNOWN,Two substantial rainy periods (SW and NE monsoon); the NE monsoon (Oct-Dec) contributes a large share relative to northern India. Temperature and humidity not quantified here.,DERIVED (from sourced rainfall figures): rain is not confined to one season; both SW and NE monsoon periods contribute.,,,,"District-level normals from the district contingency plan for Bengaluru Rural district (representative of Eastern Dry Zone KA-5); representative of the district, not of the whole zone.","In the Bengaluru area (Eastern Dry Zone KA-5, Karnataka) normal rainfall is about 415 mm in the June-September SW monsoon and about 223 mm in the October-December NE monsoon, per the Bengaluru Rural contingency plan; neighbouring Ramanagara reports 426 mm and 230 mm. Both monsoon periods matter for planning here.","ICAR Contingency Plan: Bengaluru Rural (Karnataka), kvk.icar.gov.in",https://kvk.icar.gov.in/Contigencyplan/Bangalore%20Ruralaa9ac6f8-8669-4334-9c7e-42c240301a88.pdf,ICAR-CRIDA Agriculture Contingency Plan: Ramanagara (Karnataka),"https://www.icar-crida.res.in/CP/Karnataka/GKVK,%20Bangalore/KAR19-%20Ramanagara%2031.05.2011.pdf",District figures; normal period not stated in the extracted text.,MEDIUM,2026-10-07
REG_IN_JAIPUR_001,REGIONAL_CLIMATE,Jaipur district,Rajasthan,India,Semi-arid Eastern Plain Zone,Western Dry Region,"Semi-arid Eastern Plain Zone (RJ-5, RJ-3)",Planning Commission agro-climatic region; ICAR agro-ecological sub-region; NARP agro-climatic zone (as listed in ICAR-CRIDA district contingency plan),,,Annual (seasonal rainfall split),YEAR_ROUND,,,Normal rainfall: SW monsoon Jun-Sep 514.8 mm (26.6 rainy days); NE monsoon Oct-Dec 15.5 mm (1.2 days). Normal onset 4th week of June; cessation 2nd week of September.,,UNKNOWN,UNKNOWN,Rain falls almost entirely in a short SW-monsoon window of roughly three months; very little otherwise. Temperature not quantified here.,"DERIVED (from sourced rainfall figures): rainfall outside the monsoon is minimal, so irrigation dependence outside it is likely.",,,,"District-level normals from the district contingency plan for Jaipur district; representative of the district, not of the whole zone.","Jaipur district (Rajasthan, semi-arid eastern plain) has a normal SW-monsoon rainfall of about 515 mm (onset about 4th week of June, cessation about 2nd week of September) and only about 16 mm in October-December, per the ICAR contingency plan.","ICAR Contingency Plan: Jaipur (Rajasthan), kvk.icar.gov.in",https://kvk.icar.gov.in/Contigencyplan/Jaipur%200e79fecb-7b02-4a50-87de-22195646f8f2.pdf,ICAR KRISHI repository: Contingency Plan Jaipur (Rajasthan),https://krishi.icar.gov.in/jspui/handle/123456789/29626,,MEDIUM,2026-10-07
REG_IN_JODHPUR_001,REGIONAL_CLIMATE,Jodhpur district,Rajasthan,India,Arid Western Zone (RJ-1),Western Dry Region (XIV),Arid Western Zone (RJ-1),Planning Commission agro-climatic region; ICAR agro-ecological sub-region; NARP agro-climatic zone (as listed in ICAR-CRIDA district contingency plan),,,Annual (seasonal rainfall split),YEAR_ROUND,,,Normal rainfall: SW monsoon Jun-Sep 234 mm (22 rainy days); NE monsoon Oct-Dec 2 mm (1 day). Normal onset 1-8 July (week 27); cessation 3-9 September (week 36).,,UNKNOWN,UNKNOWN,"Short, late and low monsoon: onset in early July, cessation in early September. Temperature not quantified here.",DERIVED (from sourced rainfall figures): rain-fed moisture is available only in a short monsoon window; irrigation dependence outside it is likely.,,,,"District-level normals from the district contingency plan for Jodhpur district; representative of the district, not of the whole zone.","Jodhpur district (Rajasthan, arid western zone) has a normal SW-monsoon rainfall of about 234 mm falling between roughly early July and early September, and about 2 mm in October-December, per the ICAR contingency plan (source data: Rajasthan Agricultural Statistics 2008-09).",ICAR-CRIDA Agriculture Contingency Plan: Jodhpur (Rajasthan),"https://icar-crida.res.in/CP/Rajastan/RAU,%20Bikaner/RAJ16-Jodhpur-9.3.2012.pdf",,,,MEDIUM,2026-10-07
REG_IN_KANCHEEPURAM_001,REGIONAL_CLIMATE,Kancheepuram district,Tamil Nadu,India,North Eastern Zone (TN-1),East Coast Plains and Hills Region (XI),North Eastern Zone (TN-1),Planning Commission agro-climatic region; ICAR agro-ecological sub-region; NARP agro-climatic zone (as listed in ICAR-CRIDA district contingency plan),,,Annual (seasonal rainfall split),YEAR_ROUND,,,"Normal rainfall: NE monsoon Oct-Dec 697 mm (onset 1st week of October, cessation 4th week of December) exceeds SW monsoon Jun-Sep 462 mm. TNAU: mean annual 1253.8; SW 462.7; NE 697.2.",,UNKNOWN,UNKNOWN,"Unlike most of India, the NE monsoon (Oct-Dec) is the larger rainy season here. Temperature not quantified in this record.",DERIVED (from sourced rainfall figures): the main wet period falls in October-December.,,,,"District-level normals from the district contingency plan for Kancheepuram district; representative of the district, not of the whole zone.","In Kancheepuram district (North Eastern Zone, Tamil Nadu) the October-December North-East monsoon (about 697 mm) delivers more rain than the June-September South-West monsoon (about 462 mm); mean annual rainfall is about 1254 mm (ICAR-CRIDA, TNAU). Do not assume the 'monsoon' means June-September in this region.",ICAR-CRIDA Agriculture Contingency Plan: Kancheepuram (Tamil Nadu),"https://www.icar-crida.res.in/CP/Tamilnadu/TNAU,%20Coimbattore/TN1-Kancheepuram%203.2.2011.pdf",TNAU Agritech Portal: Cropping Pattern - North Eastern Zone,https://agritech.tnau.ac.in/agriculture/agri_agrometeorology_croppingpatern_northeasternzone.html,Three government/university sources agree that NE monsoon exceeds SW monsoon; absolute values differ by averaging period.,MEDIUM,2026-10-07
REG_IN_KAMRUP_001,REGIONAL_CLIMATE,Kamrup district,Assam,India,Lower Brahmaputra Valley Zone (AS-4),Eastern Himalayan Region (II),Lower Brahmaputra Valley Zone (AS-4),Planning Commission agro-climatic region; ICAR agro-ecological sub-region; NARP agro-climatic zone (as listed in ICAR-CRIDA district contingency plan),,,Annual (seasonal rainfall split),YEAR_ROUND,,,"Normal rainfall: SW monsoon Jun-Sep 1203.7 mm (onset 1st week of June); NE monsoon Oct-Dec 141.5 mm (onset 2nd week of October, ends November). Nalbari and Baksa plans repeat the same zone figures.",,UNKNOWN,UNKNOWN,High monsoon rainfall with early-June onset. Temperature and humidity not quantified here.,,,,,"District-level normals from the district contingency plan for Kamrup district; representative of the district, not of the whole zone.","Kamrup district (Assam, Lower Brahmaputra Valley Zone AS-4) has a normal SW-monsoon rainfall of about 1204 mm with onset in the 1st week of June and about 142 mm in October-December, per the ICAR contingency plan.",ICAR-CRIDA Agriculture Contingency Plan: Kamrup (Assam),https://icar-crida.res.in/CP/Assam/Assam9-Kamrup.pdf,ICAR-CRIDA Agriculture Contingency Plan: Nalbari (Assam),https://icar-crida.res.in/CP/Assam/Assam6-Nalbari.pdf,,MEDIUM,2026-10-07
REG_IN_LUDHIANA_001,REGIONAL_CLIMATE,Ludhiana district,Punjab,India,Central Plain Zone (PB-3),Trans-Gangetic Plains Region (VI),Central Plain Zone (PB-3),Planning Commission agro-climatic region; ICAR agro-ecological sub-region; NARP agro-climatic zone (as listed in ICAR-CRIDA district contingency plan),,,Annual (seasonal rainfall split),YEAR_ROUND,,,"Normal rainfall: SW monsoon Jun-Sep 589 mm (26 rainy days, onset 4th week of June); NE monsoon Oct-Dec 34 mm (3 days). Nearby plans in the same zone: Amritsar 533.4/34.6; Jalandhar 538.3/33.8.",,UNKNOWN,UNKNOWN,Rain is concentrated in the SW monsoon; Oct-Dec is dry. Temperature not quantified here.,,,,,"District-level normals from the district contingency plan for Ludhiana district; representative of the district, not of the whole zone.","Ludhiana district (Punjab, Central Plain Zone PB-3) has a normal SW-monsoon rainfall of about 589 mm (onset around the 4th week of June) and only about 34 mm in October-December (ICAR-CRIDA). Nearby Amritsar and Jalandhar plans show similar patterns.",ICAR-CRIDA Agriculture Contingency Plan: Ludhiana (Punjab),"https://icar-crida.res.in/CP/Punjab/PAU,%20Ludhiana/PUNJAB%205-Ludhiana%2030.04.2011.pdf","ICAR Contingency Plan: Amritsar (Punjab), kvk.icar.gov.in",https://kvk.icar.gov.in/Contigencyplan/Amritsar%202a3cd0fd-980e-4ea9-a755-64bbc4eb49e0.pdf,,MEDIUM,2026-10-07
REG_IN_ERNAKULAM_001,REGIONAL_CLIMATE,Ernakulam district,Kerala,India,Central Zone (KE-3),West Coast Plains and Ghat Region (XII),Central Zone (KE-3),Planning Commission agro-climatic region; ICAR agro-ecological sub-region; NARP agro-climatic zone (as listed in ICAR-CRIDA district contingency plan),,,Annual (seasonal rainfall split),YEAR_ROUND,,,Normal rainfall (mm): SW monsoon Jun-Sep 2035.4; NE monsoon Oct-Dec 378.6; winter Jan-Mar 19.6; summer Apr-May 405.2; annual 2838.8. Onset 1st week of June; cessation 2nd week of September (NE: 1st week of Oct to 2nd week of Nov).,,UNKNOWN,UNKNOWN,"Very high annual rainfall; all four periods receive rain, with Jan-Mar nearly dry and Apr-May receiving substantial pre-monsoon rain. KAU reports for Kerala overall about 60% of annual rainfall in the SW monsoon and about 30% in the NE monsoon.",DERIVED (from sourced rainfall figures): rainfall is nearly absent in January-March and substantial in the other three periods.,,,,"District-level normals from the district contingency plan for Ernakulam district; representative of the district, not of the whole zone.","Ernakulam district (Kerala, Central Zone KE-3) has a normal annual rainfall of about 2839 mm: about 2035 mm in the June-September SW monsoon, 379 mm in October-December, 405 mm in April-May and only about 20 mm in January-March (ICAR-CRIDA). Here 'winter' (Jan-Mar) is nearly dry, and April-May is not.",ICAR-CRIDA Agriculture Contingency Plan: Ernakulam (Kerala),"https://icar-crida.res.in/CP/kerala/KAU,%20Trichur/KER12-Ernakulam-30-06-2011.pdf",Kerala Agricultural University: Agro-ecological zones of Kerala,https://pop.kau.in/agro-ecologicalzonesofkerala.htm,,HIGH,2026-10-07
REG_IN_KOLLAM_001,REGIONAL_CLIMATE,Kollam district,Kerala,India,Southern Zone (Kerala),West Coast Plains and Ghat Region (XII),Southern Zone (Kerala),Planning Commission agro-climatic region; ICAR agro-ecological sub-region; NARP agro-climatic zone (as listed in ICAR-CRIDA district contingency plan),,,Annual (seasonal rainfall split),YEAR_ROUND,,,Normal rainfall (mm): SW monsoon Jun-Sep 1395.3; NE monsoon Oct-Dec 599.8; winter Jan-Mar 265.9; summer Apr-May 258.4; annual 2494.8. Onset last week of May.,,UNKNOWN,UNKNOWN,"Rain falls in every period; compared with Ernakulam, Jan-Mar rainfall is much higher in this southern district.",,,,,"District-level normals from the district contingency plan for Kollam district; representative of the district, not of the whole zone.","Kollam district (southern Kerala) has a normal annual rainfall of about 2495 mm: about 1395 mm SW monsoon, 600 mm NE monsoon, 266 mm Jan-Mar and 258 mm Apr-May (ICAR-CRIDA). Rainfall is better distributed across the year than in central Kerala.",ICAR-CRIDA Agriculture Contingency Plan: Kollam (Kerala),"https://icar-crida.res.in/CP/kerala/KAU,%20Trichur/KER9-Kollam-30-06-2011.pdf",Kerala Agricultural University: Agro-ecological zones of Kerala,https://pop.kau.in/agro-ecologicalzonesofkerala.htm,,MEDIUM,2026-10-07
REG_IN_WAYANAD_001,REGIONAL_CLIMATE,Wayanad district,Kerala,India,Central Zone (KE-3) / Northern Zone (KE-1),West Coast Plains and Ghat Region (XII),Central Zone (KE-3) and Northern Zone (KE-1),Planning Commission agro-climatic region; ICAR agro-ecological sub-region; NARP agro-climatic zone (as listed in ICAR-CRIDA district contingency plan),,,Annual (seasonal rainfall split),YEAR_ROUND,,,Normal rainfall: SW monsoon Jun-Sep 1230 mm (82 rainy days); NE monsoon Oct-Dec 321 mm (20 days).,,UNKNOWN,UNKNOWN,High-altitude (700-1200 m per plan) Kerala district; very frequent rainy days in the SW monsoon.,,,,,"District-level normals from the district contingency plan for Wayanad district; representative of the district, not of the whole zone.","Wayanad district (Kerala, 700-1200 m altitude per its plan) has about 1230 mm of SW-monsoon rain on about 82 rainy days and about 321 mm in the NE monsoon (ICAR-CRIDA).",ICAR-CRIDA Agriculture Contingency Plan: Wayanad (Kerala),"https://icar-crida.res.in/CP/kerala/KAU,%20Trichur/KER1-Waynad-30-06-2011.pdf",Kerala Agricultural University: Agro-ecological zones of Kerala,https://pop.kau.in/agro-ecologicalzonesofkerala.htm,,MEDIUM,2026-10-07
SEA_IN_GORAKHPUR_MON_001,SEASONAL_CONTEXT,Gorakhpur district,Uttar Pradesh,India,North Eastern Plain Zone (UP-8),Middle Gangetic Plain Region (IV),North Eastern Plain Zone (UP-8),Planning Commission agro-climatic region; ICAR agro-ecological sub-region; NARP agro-climatic zone (as listed in ICAR-CRIDA district contingency plan),,,SW monsoon (rainy season) Jun-Sep,MONSOON,In the North Eastern Plain Zone of UP the Jun-Sep mean maximum is about 30.6 C and mean minimum about 25.6 C (2004-2023 means): warm days with very warm nights.,"Jun-Sep mean Tmax 30.6 C, mean Tmin 25.6 C (zone, 2004-2023).","Normal 1182.1 mm on 50 rainy days; onset about 3rd week of June, cessation about 1st week of October. Normal monthly (mm): Jun 167.3, Jul 398.6, Aug 364.7, Sep 251.5.",,UNKNOWN,UNKNOWN,Wettest period of the year; most annual rainfall falls now.,Plan lists flood and drought among district contingencies; for continuous heavy rain it advises providing drainage and sowing on ridges; after unseasonal or heavy rain it advises need-based integrated pest and disease management. (Field-crop guidance; apply to gardens with care.),,Drainage and ridge sowing are the plan's measures against waterlogging; excess water should be drained after heavy rain.,"Plan kharif sowing (field crops): rainfed rice, maize and pigeonpea from the 4th week of June to the 1st week of July.","Gorakhpur district, Uttar Pradesh.","In Gorakhpur (Uttar Pradesh, Middle Gangetic Plain) the monsoon season runs roughly from the 3rd week of June to the 1st week of October and brings about 1182 mm of rain (about 87% of the annual normal), peaking in July and August. The district is considered flood-prone; the ICAR plan advises good drainage, ridge sowing and need-based pest and disease management after heavy or unseasonal rain.",ICAR-CRIDA Agriculture Contingency Plan: Gorakhpur (Uttar Pradesh),https://icar-crida.res.in/CP/Uttar_Pradesh/UP13-Gorakhpur-28.08.12.pdf,EasyChair preprint 1706: Climatic Changes in Eastern Uttar Pradesh (Gorakhpur) - not peer reviewed,https://easychair-www.easychair.org/publications/preprint/8QGC,"Rainfall, onset/cessation and monthly normals from plan section 1.2 and Annexure 2; the 87% share is computed from 1182.1/1364.1. Waterlogging and pest/disease measures from plan section 2.2. Flood-prone statement from preprint (supporting only). Temperature from Prince et al. 2025 (The Bioscan 20(3), https://thebioscan.com/index.php/pub/article/download/3762/3045/6891), North Eastern Plain Zone of UP, 2004-2023 seasonal means; paper's rainfall columns look implausible (cumulative) and were NOT used; paper labels seasons 'summer monsoon', 'winter monsoon' for Mar-May / Dec-Feb.",MEDIUM,2026-10-07
SEA_IN_GORAKHPUR_WIN_001,SEASONAL_CONTEXT,Gorakhpur district,Uttar Pradesh,India,North Eastern Plain Zone (UP-8),Middle Gangetic Plain Region (IV),North Eastern Plain Zone (UP-8),Planning Commission agro-climatic region; ICAR agro-ecological sub-region; NARP agro-climatic zone (as listed in ICAR-CRIDA district contingency plan),,,Winter (plan: Jan-Mar),WINTER,In the North Eastern Plain Zone of UP (Gorakhpur's NARP zone) the Dec-Feb mean maximum is about 24.2 C and mean minimum about 8.2 C (2004-2023 means); winter minimum varies more between years than other seasons (CV 11.3%). A supporting preprint reports January as the coldest month.,"Dec-Feb mean Tmax 24.2 C, mean Tmin 8.2 C (zone, 2004-2023). Region-wide Jan range 9-24 C (e-PG text for Middle Gangetic Plains).","Low: Jan-Mar normal 46.1 mm on 4 rainy days (Jan 14.3, Feb 21.0, Mar 10.8 mm); Nov 4.2 mm and Dec 3.3 mm are even drier.",,UNKNOWN,UNKNOWN,"Dry, cooler part of the year for this region; rabi crops such as wheat, mustard and pea are the district's main winter crops.","The plan includes cold-wave and frost contingency measures for wheat, mustard, pea, potato and cabbage-family vegetables (e.g. use of cold/frost-tolerant varieties and proper irrigation). Frequency of frost is not quantified, so do not assume frost every winter.",,,Plan rabi sowing (field crops): rainfed from the 3rd week of October; irrigated wheat in the 3rd-4th week of November.,"Gorakhpur district, Uttar Pradesh.","Winter in Gorakhpur (Uttar Pradesh, Middle Gangetic Plain) is a dry season: the ICAR plan records only about 46 mm of rain in January-March and almost none in November-December. January is reported as the coldest month. The plan gives cold-wave and frost contingency measures for winter crops, but how often frost occurs is not quantified in the sources.",ICAR-CRIDA Agriculture Contingency Plan: Gorakhpur (Uttar Pradesh),https://icar-crida.res.in/CP/Uttar_Pradesh/UP13-Gorakhpur-28.08.12.pdf,EasyChair preprint 1706: Climatic Changes in Eastern Uttar Pradesh (Gorakhpur) - not peer reviewed,https://easychair-www.easychair.org/publications/preprint/8QGC,"Rainfall from plan section 1.2 / Annexure 2. Cold wave/frost measures from plan section 2.4 (many cells say 'Not experienced'; the plan's regular/occasional ticks cannot be read from the extracted text). Coldest month from the preprint only. Temperature from Prince et al. 2025 (The Bioscan 20(3), https://thebioscan.com/index.php/pub/article/download/3762/3045/6891), North Eastern Plain Zone of UP, 2004-2023 seasonal means; paper's rainfall columns look implausible (cumulative) and were NOT used; paper labels seasons 'summer monsoon', 'winter monsoon' for Mar-May / Dec-Feb.",MEDIUM,2026-10-07
SEA_IN_GORAKHPUR_SUM_001,SEASONAL_CONTEXT,Gorakhpur district,Uttar Pradesh,India,North Eastern Plain Zone (UP-8),Middle Gangetic Plain Region (IV),North Eastern Plain Zone (UP-8),Planning Commission agro-climatic region; ICAR agro-ecological sub-region; NARP agro-climatic zone (as listed in ICAR-CRIDA district contingency plan),,,Summer (plan: Apr-May),SUMMER,In the North Eastern Plain Zone of UP the Mar-May mean maximum is about 35.6 C and mean minimum about 19.3 C (2004-2023 means). A supporting preprint reports May-June as the warmest months. Means do not show heat-wave extremes.,"Mar-May mean Tmax 35.6 C, mean Tmin 19.3 C (zone, 2004-2023).","Low: Apr-May normal 58.9 mm on 5 rainy days (Apr 15.1, May 43.8 mm).",,UNKNOWN,UNKNOWN,"Hot, mostly dry period before the monsoon; irrigation matters for crops.",The plan's heat-wave measures for field crops centre on proper irrigation throughout the stress period and heat-tolerant varieties; some crops are harvested before the stress. Heat-wave frequency is not quantified.,,,Plan summer-irrigated sowing (field crops): maize from the 3rd week of March to the 3rd week of April.,"Gorakhpur district, Uttar Pradesh.","Summer in Gorakhpur (Uttar Pradesh, Middle Gangetic Plain) is hot and largely dry before the monsoon: the ICAR plan records only about 59 mm of rain in April-May, and a supporting preprint reports May-June as the warmest months. The plan's heat-wave measures emphasise proper irrigation; the frequency and size of heat waves are not quantified in the sources.",ICAR-CRIDA Agriculture Contingency Plan: Gorakhpur (Uttar Pradesh),https://icar-crida.res.in/CP/Uttar_Pradesh/UP13-Gorakhpur-28.08.12.pdf,EasyChair preprint 1706: Climatic Changes in Eastern Uttar Pradesh (Gorakhpur) - not peer reviewed,https://easychair-www.easychair.org/publications/preprint/8QGC,"Rainfall from plan section 1.2 / Annexure 2; heat-wave measures from plan section 2.4; warmest months from preprint only. Temperature from Prince et al. 2025 (The Bioscan 20(3), https://thebioscan.com/index.php/pub/article/download/3762/3045/6891), North Eastern Plain Zone of UP, 2004-2023 seasonal means; paper's rainfall columns look implausible (cumulative) and were NOT used; paper labels seasons 'summer monsoon', 'winter monsoon' for Mar-May / Dec-Feb.",MEDIUM,2026-10-07
SEA_IN_KANCHEEPURAM_NEM_001,SEASONAL_CONTEXT,Kancheepuram district,Tamil Nadu,India,North Eastern Zone (TN-1),East Coast Plains and Hills Region (XI),North Eastern Zone (TN-1),Planning Commission agro-climatic region; ICAR agro-ecological sub-region; NARP agro-climatic zone (as listed in ICAR-CRIDA district contingency plan),,,North East Monsoon (Oct-Dec),MONSOON,,,"Normal about 697 mm (ICAR plan; TNAU 697.2), onset 1st week of October, cessation 4th week of December; SW monsoon is smaller at about 462 mm.",,UNKNOWN,UNKNOWN,Main rainy season of the year in this zone; TNAU states the NE monsoon contributes nearly half of Tamil Nadu's annual rainfall.,"TNAU's contingent crop plan for the North Eastern Zone has separate plans for normal, deficit and excess rainfall, showing rainfall variability matters for planning.",,,,Kancheepuram district and the North Eastern Zone of Tamil Nadu.,"In Kancheepuram and the Tamil Nadu North Eastern Zone, the main rainy season is the North-East monsoon (October-December, about 697 mm), which is larger than the June-September South-West monsoon (about 462 mm). TNAU notes the NE monsoon supplies nearly half of Tamil Nadu's annual rainfall. 'Monsoon' in this region therefore usually means October-December.",ICAR-CRIDA Agriculture Contingency Plan: Kancheepuram (Tamil Nadu),"https://www.icar-crida.res.in/CP/Tamilnadu/TNAU,%20Coimbattore/TN1-Kancheepuram%203.2.2011.pdf",TNAU: District Level North East Monsoon Rainfall Forecast 2026,https://agritech.tnau.ac.in/tnaupressnotes/pdf/2026/District%20Level%20North%20East%20Monsoon%20Rainfall%20Forecast%202026%20-%20English.pdf,"ICAR plan and TNAU NEZ page agree (697 / 697.2 mm). 'Nearly half' statement is statewide, from the TNAU 2026 NE-monsoon note. TN Horticulture reports 631.4 mm for the NE monsoon over a different period.",HIGH,2026-10-07
SEA_IN_ERNAKULAM_MON_001,SEASONAL_CONTEXT,Ernakulam district,Kerala,India,Central Zone (KE-3),West Coast Plains and Ghat Region (XII),Central Zone (KE-3),Planning Commission agro-climatic region; ICAR agro-ecological sub-region; NARP agro-climatic zone (as listed in ICAR-CRIDA district contingency plan),,,South West monsoon (Jun-Sep),MONSOON,,,"Normal 2035.4 mm; onset 1st week of June, cessation 2nd week of September (about 72% of the 2838.8 mm annual normal, computed).",,UNKNOWN,UNKNOWN,"Very heavy rainfall season; the district also has a second rainy period (NE monsoon, 378.6 mm).",DERIVED (from sourced rainfall figures): very heavy rainfall implies drainage should be considered for containers and beds; the sources do not give gardening advice for this district.,,,,"Ernakulam district, Kerala.","In Ernakulam (Kerala) the South-West monsoon runs from about the 1st week of June to the 2nd week of September and brings about 2035 mm of rain, roughly 72% of the district's annual normal of about 2839 mm. A second, smaller rainy period (NE monsoon, about 379 mm) follows in October-November.",ICAR-CRIDA Agriculture Contingency Plan: Ernakulam (Kerala),"https://icar-crida.res.in/CP/kerala/KAU,%20Trichur/KER12-Ernakulam-30-06-2011.pdf",Kerala Agricultural University: Agro-ecological zones of Kerala,https://pop.kau.in/agro-ecologicalzonesofkerala.htm,Plan section 1.2; percentage computed from sourced values.,HIGH,2026-10-07
SEA_IN_ERNAKULAM_SUM_001,SEASONAL_CONTEXT,Ernakulam district,Kerala,India,Central Zone (KE-3),West Coast Plains and Ghat Region (XII),Central Zone (KE-3),Planning Commission agro-climatic region; ICAR agro-ecological sub-region; NARP agro-climatic zone (as listed in ICAR-CRIDA district contingency plan),,,Summer (plan: Apr-May) / Winter (plan: Jan-Mar),SUMMER,,,Apr-May normal 405.2 mm (before the monsoon); Jan-Mar only 19.6 mm.,,UNKNOWN,UNKNOWN,Rain is nearly absent in Jan-Mar and substantial in Apr-May.,,,,,"Ernakulam district, Kerala.","In Ernakulam (Kerala) the pre-monsoon summer months (April-May) still receive a substantial normal rainfall of about 405 mm, while January-March is almost dry (about 20 mm). Summer here is therefore not a dry season by rainfall.",ICAR-CRIDA Agriculture Contingency Plan: Ernakulam (Kerala),"https://icar-crida.res.in/CP/kerala/KAU,%20Trichur/KER12-Ernakulam-30-06-2011.pdf",,,"Plan section 1.2; seasons are the plan's labels (winter Jan-Mar, summer Apr-May). Temperature not stated.",MEDIUM,2026-10-07
SEA_IN_JODHPUR_MON_001,SEASONAL_CONTEXT,Jodhpur district,Rajasthan,India,Arid Western Zone (RJ-1),Western Dry Region (XIV),Arid Western Zone (RJ-1),Planning Commission agro-climatic region; ICAR agro-ecological sub-region; NARP agro-climatic zone (as listed in ICAR-CRIDA district contingency plan),,,SW monsoon (Jun-Sep),MONSOON,,,"Normal 234 mm on 22 rainy days, onset in the first week of July, cessation in the first week of September.",,UNKNOWN,UNKNOWN,"Short monsoon with low rainfall; Jaipur (semi-arid) receives about 515 mm, with earlier onset (4th week of June).",,,,,"Jodhpur district, Rajasthan.",In Jodhpur (arid western Rajasthan) the monsoon starts late (about 1-8 July) and ends early (about 3-9 September) and brings only about 234 mm; semi-arid Jaipur gets about 515 mm and an earlier onset (4th week of June). The monsoon here is short and light compared with eastern and southern India.,ICAR-CRIDA Agriculture Contingency Plan: Jodhpur (Rajasthan),"https://icar-crida.res.in/CP/Rajastan/RAU,%20Bikaner/RAJ16-Jodhpur-9.3.2012.pdf","ICAR Contingency Plan: Jaipur (Rajasthan), kvk.icar.gov.in",https://kvk.icar.gov.in/Contigencyplan/Jaipur%200e79fecb-7b02-4a50-87de-22195646f8f2.pdf,Jodhpur plan section 1.2; Jaipur plan used only for contrast.,MEDIUM,2026-10-07
SEA_IN_BENGALURU_NEM_001,SEASONAL_CONTEXT,Bengaluru area (Eastern Dry Zone KA-5),Karnataka,India,Eastern Dry Zone (KA-5),Southern Plateau and Hills Region (X),Eastern Dry Zone (KA-5),Planning Commission agro-climatic region; ICAR agro-ecological sub-region; NARP agro-climatic zone (as listed in ICAR-CRIDA district contingency plan),,,North East monsoon (Oct-Dec),MONSOON,,,"Normal about 223 mm (Bengaluru Rural) and 230 mm (Ramanagara) in Oct-Dec, versus 415-426 mm in Jun-Sep.",,UNKNOWN,UNKNOWN,A second significant rainy period; roughly one-third of the combined monsoon-season rainfall.,,,,,"Bengaluru Rural and Ramanagara districts, Karnataka.","Around Bengaluru (Karnataka, Eastern Dry Zone) the October-December North-East monsoon brings about 223-230 mm of rain, compared with about 415-426 mm in June-September. Both periods are important rainy seasons here.","ICAR Contingency Plan: Bengaluru Rural (Karnataka), kvk.icar.gov.in",https://kvk.icar.gov.in/Contigencyplan/Bangalore%20Ruralaa9ac6f8-8669-4334-9c7e-42c240301a88.pdf,ICAR-CRIDA Agriculture Contingency Plan: Ramanagara (Karnataka),"https://www.icar-crida.res.in/CP/Karnataka/GKVK,%20Bangalore/KAR19-%20Ramanagara%2031.05.2011.pdf",Both districts' plan section 1.2; 'one-third' is computed (223/(223+415) is 35%).,MEDIUM,2026-10-07
ZONE_IN_AGROCLIMATIC_FRAMEWORK_001,CLIMATE_ZONE,,,India,,India,,Planning Commission agro-climatic region; ICAR agro-ecological sub-region; NARP agro-climatic zone (as listed in ICAR-CRIDA district contingency plan),,,N/A,YEAR_ROUND,,,,,UNKNOWN,UNKNOWN,,,,,,How Indian districts are labelled in this dataset.,"For Indian districts this dataset uses the ICAR-CRIDA district contingency plan hierarchy: Planning Commission agro-climatic region (e.g. Middle Gangetic Plain Region IV), NARP agro-climatic zone (e.g. North Eastern Plain Zone UP-8) and ICAR agro-ecological sub-region (e.g. 13.1). It does not use compass labels such as 'North India' or 'South India' because those are not in the sources, and it does not include Koppen classes because no authoritative per-region source was retrieved.",ICAR-CRIDA Agriculture Contingency Plan: Gorakhpur (Uttar Pradesh),https://icar-crida.res.in/CP/Uttar_Pradesh/UP13-Gorakhpur-28.08.12.pdf,ICAR KRISHI repository: Contingency Plan Kushinagar (Uttar Pradesh),https://krishi.icar.gov.in/jspui/handle/123456789/49039,Hierarchy read from the field structure of the plans; plan zone codes can differ between plans.,MEDIUM,2026-10-07
SEA_GB_MET_SPRING_001,SEASONAL_CONTEXT,,,United Kingdom,,United Kingdom (Met Office convention),,"Meteorological seasons (UK Met Office, via Royal Meteorological Society)",,,Spring (meteorological),SPRING,,,,,UNKNOWN,UNKNOWN,,Calendar definition only; conditions are not quantified in this record.,,,,Meteorological seasons as three whole calendar months (not equinox/solstice dates).,"In the UK Met Office convention, meteorological spring is March, April and May. Meteorological seasons use whole calendar months, unlike astronomical seasons which start at the equinoxes and solstices. This is a calendar convention, not a statement about weather elsewhere.",Royal Meteorological Society: Difference between meteorological and astronomical seasons (citing UK Met Office),https://www.rmets.org/metmatters/difference-between-meteorological-and-astronomical-seasons,,,"Royal Meteorological Society page, attributing the definition to the UK Met Office.",HIGH,2026-10-07
SEA_GB_MET_SUMMER_001,SEASONAL_CONTEXT,,,United Kingdom,,United Kingdom (Met Office convention),,"Meteorological seasons (UK Met Office, via Royal Meteorological Society)",,,Summer (meteorological),SUMMER,,,,,UNKNOWN,UNKNOWN,,Calendar definition only; conditions are not quantified in this record.,,,,Meteorological seasons as three whole calendar months (not equinox/solstice dates).,"In the UK Met Office convention, meteorological summer is June, July and August (described as the warmest months). The source describes summer as the warmest and winter as the coldest months. Meteorological seasons use whole calendar months, unlike astronomical seasons which start at the equinoxes and solstices. This is a calendar convention, not a statement about weather elsewhere.",Royal Meteorological Society: Difference between meteorological and astronomical seasons (citing UK Met Office),https://www.rmets.org/metmatters/difference-between-meteorological-and-astronomical-seasons,,,"Royal Meteorological Society page, attributing the definition to the UK Met Office.",HIGH,2026-10-07
SEA_GB_MET_AUTUMN_001,SEASONAL_CONTEXT,,,United Kingdom,,United Kingdom (Met Office convention),,"Meteorological seasons (UK Met Office, via Royal Meteorological Society)",,,Autumn (meteorological),AUTUMN,,,,,UNKNOWN,UNKNOWN,,Calendar definition only; conditions are not quantified in this record.,,,,Meteorological seasons as three whole calendar months (not equinox/solstice dates).,"In the UK Met Office convention, meteorological autumn is September, October and November. Meteorological seasons use whole calendar months, unlike astronomical seasons which start at the equinoxes and solstices. This is a calendar convention, not a statement about weather elsewhere.",Royal Meteorological Society: Difference between meteorological and astronomical seasons (citing UK Met Office),https://www.rmets.org/metmatters/difference-between-meteorological-and-astronomical-seasons,,,"Royal Meteorological Society page, attributing the definition to the UK Met Office.",HIGH,2026-10-07
SEA_GB_MET_WINTER_001,SEASONAL_CONTEXT,,,United Kingdom,,United Kingdom (Met Office convention),,"Meteorological seasons (UK Met Office, via Royal Meteorological Society)",,,Winter (meteorological),WINTER,,,,,UNKNOWN,UNKNOWN,,Calendar definition only; conditions are not quantified in this record.,,,,Meteorological seasons as three whole calendar months (not equinox/solstice dates).,"In the UK Met Office convention, meteorological winter is December, January and February (described as the coldest months). The source describes summer as the warmest and winter as the coldest months. Meteorological seasons use whole calendar months, unlike astronomical seasons which start at the equinoxes and solstices. This is a calendar convention, not a statement about weather elsewhere.",Royal Meteorological Society: Difference between meteorological and astronomical seasons (citing UK Met Office),https://www.rmets.org/metmatters/difference-between-meteorological-and-astronomical-seasons,,,"Royal Meteorological Society page, attributing the definition to the UK Met Office.",HIGH,2026-10-07
SEA_AU_FOURSEASON_001,SEASONAL_CONTEXT,,,Australia,,Australia (temperate south and most of the country),,Bureau of Meteorology season convention,,,Four-season model (summer Dec-Feb),SUMMER,"Summer is the warmest three months (December-February); southern Australia has distinct seasons with warmer, longer days in summer and colder, shorter days in winter.",,,,UNKNOWN,UNKNOWN,,Seasons are opposite in timing to the Northern Hemisphere. Do not use northern calendar months.,,,,"BoM uses 1 March, 1 June, 1 September and 1 December as season starts.","In Australia the Bureau of Meteorology divides the year into four seasons starting on 1 March, 1 June, 1 September and 1 December. Summer is December-February, the warmest three months. Seasons are opposite in timing to the Northern Hemisphere, and southern Australia has more distinct seasons than the tropical north.",Bureau of Meteorology (Australia): Australia's seasons - how many and when,https://media.bom.gov.au/social/blog/1762/solstices-and-equinoxes-the-reasons-for-the-seasons/,,,BoM blog page; the season month ranges other than summer follow from the stated start dates.,MEDIUM,2026-10-07
SEA_AU_NORTH_WET_001,SEASONAL_CONTEXT,,,Australia,,Northern Australia (tropics),,Bureau of Meteorology season convention,,,Wet season (Oct-Apr),WET_SEASON,"Little difference between average 'winter' and 'summer' temperatures in the tropics, so the four-season model does not apply.",,Heaviest rainfall of the year falls in the wet season (October-April).,,UNKNOWN,UNKNOWN,,BoM provides a Northern Rainfall Onset tool for judging when rain is enough to stimulate plant growth after the dry season.,,,,Australia's northern tropics.,"In Australia's northern tropics the four-season model does not apply: temperatures differ little between 'summer' and 'winter'. The BoM describes a wet season (October-April, the months with the heaviest rainfall) and a dry season (May-September). BoM offers a Northern Rainfall Onset tool to judge when rain is sufficient for plant growth after the dry season.",Bureau of Meteorology (Australia): Australia's seasons - how many and when,https://media.bom.gov.au/social/blog/1762/solstices-and-equinoxes-the-reasons-for-the-seasons/,,,BoM blog page.,HIGH,2026-10-07
SEA_AU_NORTH_DRY_001,SEASONAL_CONTEXT,,,Australia,,Northern Australia (tropics),,Bureau of Meteorology season convention,,,Dry season (May-Sep),DRY_SEASON,,,Months that generally see less rain (May-September).,,UNKNOWN,UNKNOWN,,,,,,Australia's northern tropics.,"In Australia's northern tropics the dry season (May-September) is the period of generally lower rainfall, following the October-April wet season. Temperatures differ little between summer and winter in the tropics (BoM).",Bureau of Meteorology (Australia): Australia's seasons - how many and when,https://media.bom.gov.au/social/blog/1762/solstices-and-equinoxes-the-reasons-for-the-seasons/,,,BoM blog page.,HIGH,2026-10-07
REG_SG_EQUATORIAL_001,REGIONAL_CLIMATE,Singapore,,Singapore,,Singapore (equatorial),,,,,Year-round (monsoon and inter-monsoon periods),YEAR_ROUND,,,,,UNKNOWN,UNKNOWN,Singapore does not have the four distinct seasons of temperate countries; the main seasonal rhythm is the monsoons and the inter-monsoon periods.,,,,,Equatorial city-state.,"Singapore does not have four distinct seasons. The Meteorological Service Singapore describes monsoon seasons and inter-monsoon periods instead. Inter-monsoon conditions (light and variable winds, more thundery showers and lightning) set in during the first week of October 2025 as the South-West monsoon ended. Do not map 'winter' or 'spring' onto Singapore.",Meteorological Service Singapore / NEA: The Weather and Climate of Singapore (publication page),https://www.nea.gov.sg/corporate-functions/resources/publications/books-journals-and-magazines/weather-and-climate-of-singapore,"Meteorological Service Singapore / NEA advisory, 1 Oct 2025: inter-monsoon conditions",https://www.nea.gov.sg/media/news/advisories/index/more-wet-weather-with-onset-of-inter-monsoon-conditions-,"NEA book page: no four distinct seasons, monsoons present. NEA advisory 1 Oct 2025: SW monsoon ending, inter-monsoon with light variable winds and higher lightning activity. Month boundaries of each monsoon not captured from authoritative text.",MEDIUM,2026-10-07
ZONE_US_PHZM2023_001,CLIMATE_ZONE,,,United States,,United States,USDA Plant Hardiness Zones (13 zones with A/B half-zones),USDA Plant Hardiness Zone Map (2023),,,Winter minimum,WINTER,Zones are based on the average annual extreme minimum temperature (coldest night of the year) over 30 years; the 2023 map uses 1991-2020 data.,,,,UNKNOWN,UNKNOWN,Winter low temperature is a crucial factor in plant survival at a location.,"Hardiness zones describe only winter minimum temperature, not heat, rainfall or growing-season length.",,,,"Applies to the United States, including Alaska, Hawaii and Puerto Rico.","The 2023 USDA Plant Hardiness Zone Map divides the United States (including Alaska, Hawaii and Puerto Rico) into 13 zones by the average annual extreme minimum winter temperature over 30 years (1991-2020 data), in 10 F zones split into 5 F half-zones. It describes only winter cold, not heat or rainfall.",USDA ARS: USDA Unveils Updated Plant Hardiness Zone Map (2023),https://www.ars.usda.gov/news-events/news/research-news/2023/usda-unveils-updated-plant-hardiness-zone-map/,,,USDA ARS announcement and secondary coverage; 13-zone structure and 1991-2020 data come from the secondary coverage of the same announcement.,HIGH,2026-10-07
LOC_IN_PATNA_001,LOCATION_MAPPING,Patna,Bihar,India,South Bihar Alluvial Plain Zone (BI-3),Middle Gangetic Plain Region (IV),South Bihar Alluvial Plain Zone (BI-3),Planning Commission agro-climatic region; ICAR agro-ecological sub-region; NARP agro-climatic zone (as listed in ICAR-CRIDA district contingency plan),,,N/A,YEAR_ROUND,,,,,UNKNOWN,UNKNOWN,,,,,,"Patna district is in the NARP South Bihar Alluvial Plain Zone (BI-3) with Gaya, Nalanda, Nawada, Bhojpur, Rohtas and others, within the Planning Commission's Middle Gangetic Plain Region (IV).","Patna (Bihar, India) lies in the NARP South Bihar Alluvial Plain Zone (BI-3) and the Planning Commission's Middle Gangetic Plain Region (IV); the Patna plan gives ICAR eco-region 13.1 (Eastern Plain, Hot Subhumid moist). Gorakhpur is in the same Planning Commission region.",ICAR-CRIDA Agriculture Contingency Plan: Patna (Bihar),https://icar-crida.res.in/CP/Bihar/BR27_Patna_28.12.2013.pdf,ICAR-CRIDA Agriculture Contingency Plan: Nalanda (Bihar),https://icar-crida.res.in/CP/Bihar/BR29_Nalanda%20_28.12.2013.pdf,Zone and region names agree across several Bihar plans.,HIGH,2026-10-07
LOC_IN_KHORDHA_001,LOCATION_MAPPING,Khordha (Khurda) district,Odisha,India,East and South Eastern Coastal Plain Zone (OR-4),East Coast Plains and Hills Region (XI),East and South Eastern Coastal Plain Zone (OR-4),Planning Commission agro-climatic region; ICAR agro-ecological sub-region; NARP agro-climatic zone (as listed in ICAR-CRIDA district contingency plan),about 20.2 N (IIPR station),about 85.6 E (IIPR station),N/A,YEAR_ROUND,,,,,UNKNOWN,UNKNOWN,,,,,,"Khordha district is in the NARP East and South Eastern Coastal Plain Zone (OR-4) with Jagatsinghpur, Kendrapara, Nayagarh, Puri, Ganjam and Cuttack, and in the Planning Commission's East Coast Plains and Hills Region (XI); its climate is described as influenced by proximity to the Bay of Bengal and Chilika Lake.","Khordha (Khurda) district (Odisha, India) is in the NARP East and South Eastern Coastal Plain Zone (OR-4) and the Planning Commission's East Coast Plains and Hills Region (XI), ICAR eco-sub-region 12.2 (Eastern Ghats, hot moist sub-humid) per the Khurda plan.","ICAR Contingency Plan: Khurda (Odisha), kvk.icar.gov.in",https://kvk.icar.gov.in/Contigencyplan/Khordha%206bcf8ff2-0c1d-47c8-a523-559da6d1d867.pdf,ICAR KRISHI repository: Contingency Plan Jagatsinghpur (Odisha),https://krishi.icar.gov.in/jspui/handle/123456789/49704,,HIGH,2026-10-07
LOC_IN_AHMEDABAD_001,LOCATION_MAPPING,Ahmedabad,Gujarat,India,"Multiple NARP zones: North West Zone (GJ-5, 36.4%), North Saurashtra (GJ-6, 29.5%), North Gujarat (GJ-4, 19.9%), Bhal and Coastal Area (GJ-8, 14.3%)",Gujarat Plains and Hills Region (XIII),Multi-zone district,Planning Commission agro-climatic region; ICAR agro-ecological sub-region; NARP agro-climatic zone (as listed in ICAR-CRIDA district contingency plan),about 23.0 N (district HQ 23 deg 02 min N per plan),about 72.6 E (district HQ per plan),N/A,YEAR_ROUND,,,,,UNKNOWN,UNKNOWN,,,,,,"Ahmedabad district is split across four NARP zones (percentages as printed in its plan), with ICAR eco-region 2.3 (Western Plain, Kachchh and part of Kathiawar Peninsula, hot arid); HQ altitude about 45 m.","Ahmedabad (Gujarat, India) spans several NARP zones (GJ-5, GJ-6, GJ-4, GJ-8) and is in ICAR eco-region 2.3 (hot arid); the Planning Commission region is the Gujarat Plains and Hills Region (XIII). Other district plans also list Ahmedabad under North Gujarat (GJ-4) or Middle Gujarat (GJ-3), so zone-level climate varies within and around the district.",ICAR-CRIDA Agriculture Contingency Plan: Ahmedabad (Gujarat),"https://www.icar-crida.res.in/CP/Gujarat/SKDAU,Banasakantha/GUJ%2022-Ahmedabad%20%2004.105.2011.pdf",ICAR-CRIDA Agriculture Contingency Plan: Mehsana (Gujarat),"https://icar-crida.res.in/CP/Gujarat/SKDAU,Banasakantha/GUJ2-Mehsana%203.2.2011.pdf",,MEDIUM,2026-10-07
LOC_IN_DEHRADUN_001,LOCATION_MAPPING,Dehradun,Uttarakhand,India,NARP Hill Zone (labelled differently across Uttarakhand plans),Western Himalayan Region (I),Hill Zone,Planning Commission agro-climatic region; ICAR agro-ecological sub-region; NARP agro-climatic zone (as listed in ICAR-CRIDA district contingency plan),about 30.2 N (district HQ per plan),about 78.0 E (district HQ per plan),N/A,YEAR_ROUND,,,,,UNKNOWN,UNKNOWN,,,,,,"Dehradun district is in the Planning Commission's Western Himalayan Region (I), ICAR eco-region 14.4 (Western Himalayas, warm subhumid to humid); district HQ altitude about 960 m.","Dehradun (Uttarakhand, India) lies in the Western Himalayan Region (I), ICAR eco-region 14.4, and the NARP Hill Zone; HQ altitude about 960 m. Uttarakhand plans label hill zones inconsistently (Hill Zone UP-1, AZ-26 Hill Zone, AZ-27 Mid Hills), so rely on altitude rather than the zone code.",ICAR-CRIDA Agriculture Contingency Plan: Dehradun (Uttarakhand),https://icar-crida.res.in/CP/Uttarkhand/UKD7-Dehradun-10.07.14.pdf,ICAR KRISHI repository: Contingency Plan Tehri Garhwal (Uttarakhand),https://krishi.icar.gov.in/jspui/handle/123456789/29484?mode=full,,MEDIUM,2026-10-07
REG_IN_PATNA_001,REGIONAL_CLIMATE,Patna district,Bihar,India,South Bihar Alluvial Plain Zone (BI-3),Middle Gangetic Plain Region (IV),South Bihar Alluvial Plain Zone (BI-3),Planning Commission agro-climatic region; ICAR agro-ecological sub-region; NARP agro-climatic zone (as listed in ICAR-CRIDA district contingency plan),,,Annual (seasonal rainfall split),YEAR_ROUND,,,Normal rainfall: SW monsoon Jun-Sep 906 mm (41 rainy days); NE monsoon Oct-Dec 71 mm (3 days). Neighbouring Nalanda 899/65 and Bhojpur 906/58.,,UNKNOWN,UNKNOWN,Rainfall concentrated in the SW monsoon; Oct-Dec is dry. Temperature not quantified here (see Middle Gangetic Plain region record).,,,,,"District-level normals from the cited source for Patna district; representative of the district, not of the whole zone.","Patna district (Bihar, South Bihar Alluvial Plain Zone BI-3) has a normal SW-monsoon rainfall of about 906 mm and only about 71 mm in October-December, matching nearby Nalanda (899/65) and Bhojpur (906/58) (ICAR-CRIDA).",ICAR-CRIDA Agriculture Contingency Plan: Patna (Bihar),https://icar-crida.res.in/CP/Bihar/BR27_Patna_28.12.2013.pdf,ICAR-CRIDA Agriculture Contingency Plan: Nalanda (Bihar),https://icar-crida.res.in/CP/Bihar/BR29_Nalanda%20_28.12.2013.pdf,Bhojpur plan also lists 906/58.,MEDIUM,2026-10-07
REG_IN_KHORDHA_001,REGIONAL_CLIMATE,Khordha (Khurda) district,Odisha,India,East and South Eastern Coastal Plain Zone (OR-4),East Coast Plains and Hills Region (XI),East and South Eastern Coastal Plain Zone (OR-4),Planning Commission agro-climatic region; ICAR agro-ecological sub-region; NARP agro-climatic zone (as listed in ICAR-CRIDA district contingency plan),,,Annual (seasonal rainfall split),YEAR_ROUND,,Maximum 42.2 C and minimum 11.1 C as reported by ICAR-IIPR (period not stated),Normal annual rainfall about 1408 mm on 68.4 rainy days: SW monsoon Jun-Sep 1056.2 mm; NE monsoon Oct-Dec 204.7 mm; Jan-Feb 36.7 mm (described as scanty).,Mean relative humidity ranges from 46% to 89%,UNKNOWN,UNKNOWN,Humid coastal district influenced by the Bay of Bengal and Chilika Lake; reported maximum temperature 42.2 C and minimum 11.1 C; mean relative humidity ranges from 46% to 89%.,,,,,"District-level normals from the cited source for Khordha (Khurda) district; representative of the district, not of the whole zone.","Khordha (Khurda) district in coastal Odisha has a normal annual rainfall of about 1408 mm, with about 1056 mm in the June-September SW monsoon, 205 mm in October-December and only about 37 mm in January-February. ICAR-IIPR reports a maximum temperature of 42.2 C, a minimum of 11.1 C and relative humidity of 46-89%; its climate is influenced by the Bay of Bengal and Chilika Lake.",ICAR-IIPR Regional Station Khordha: station profile (Khordha district climate),https://iipr.icar.gov.in/?p=684,"ICAR Contingency Plan: Khurda (Odisha), kvk.icar.gov.in",https://kvk.icar.gov.in/Contigencyplan/Khordha%206bcf8ff2-0c1d-47c8-a523-559da6d1d867.pdf,,MEDIUM,2026-10-07
REG_IN_AHMEDABAD_001,REGIONAL_CLIMATE,Ahmedabad district,Gujarat,India,"Multiple NARP zones (GJ-5, GJ-6, GJ-4, GJ-8)",Gujarat Plains and Hills Region (XIII),Multi-zone district,Planning Commission agro-climatic region; ICAR agro-ecological sub-region; NARP agro-climatic zone (as listed in ICAR-CRIDA district contingency plan),,,Annual (seasonal rainfall split),YEAR_ROUND,,,Normal rainfall: SW monsoon Jun-Sep 756 mm (32 rainy days); onset 3rd week of June; cessation 2nd week of September; no NE-monsoon value given.,,UNKNOWN,UNKNOWN,Rain falls in a roughly three-month window; the plan reports no NE-monsoon rainfall. Temperature not quantified here.,,,,,"District-level normals from the cited source for Ahmedabad district; representative of the district, not of the whole zone.","Ahmedabad district (Gujarat) has a normal SW-monsoon rainfall of about 756 mm on about 32 rainy days, with onset around the 3rd week of June and cessation around the 2nd week of September (ICAR-CRIDA); no rainfall is reported for October-December.",ICAR-CRIDA Agriculture Contingency Plan: Ahmedabad (Gujarat),"https://www.icar-crida.res.in/CP/Gujarat/SKDAU,Banasakantha/GUJ%2022-Ahmedabad%20%2004.105.2011.pdf",,,,MEDIUM,2026-10-07
REG_IN_BHOPAL_001,REGIONAL_CLIMATE,Bhopal district,Madhya Pradesh,India,Malwa Plateau Zone (MP-10) and Vindhya Plateau Zone (MP-5),Central Plateau and Hills Region (VIII) and Western Plateau and Hills Region (IX),Multi-zone district,Planning Commission agro-climatic region; ICAR agro-ecological sub-region; NARP agro-climatic zone (as listed in ICAR-CRIDA district contingency plan),,,Annual (seasonal rainfall split),YEAR_ROUND,,,Normal rainfall (mm): SW monsoon Jun-Sep 945.3; NE monsoon Oct-Dec 72.2; Jan-Mar 20.9; Apr-May 41.2; annual 1079.6. Onset 2nd week of June; cessation 2nd week of September.,,UNKNOWN,UNKNOWN,"Rain is concentrated in the SW monsoon (about 88% of the annual normal, computed). The plan gives cold-wave and frost measures (light irrigation, protecting crops at night) for chickpea, wheat and mango and lists heat wave as Not Applicable; frost frequency is not quantified.",,,,,"District-level normals from the cited source for Bhopal district; representative of the district, not of the whole zone.","Bhopal district (Madhya Pradesh) has a normal annual rainfall of about 1080 mm, of which about 945 mm falls in the June-September SW monsoon (onset about 2nd week of June). Only about 21 mm falls in January-March and 41 mm in April-May. The ICAR plan includes cold-wave and frost protection measures for winter crops but does not quantify how often they occur.",ICAR-CRIDA Agriculture Contingency Plan: Bhopal (Madhya Pradesh),https://icar-crida.res.in/CP/madhya%20pradesh/MP42_Bhopal_24.09.13.pdf,,,Components sum exactly to 1079.6 mm.,MEDIUM,2026-10-07
REG_IN_PUNE_001,REGIONAL_CLIMATE,Pune district (and Pune city),Maharashtra,India,Multiple NARP zones,Western Plateau and Hills Region (IX),Multi-zone district,Planning Commission agro-climatic region; ICAR agro-ecological sub-region; NARP agro-climatic zone (as listed in ICAR-CRIDA district contingency plan),,,Annual (seasonal rainfall split),YEAR_ROUND,,,"District: rainfall strongly seasonal with the monsoon arriving in June and peaking July-August; west of the district gets the most rain, the east (Shirur, Daund, Indapur, Baramati) the least. City: annual average 76.3 cm over about 49 rainy days, July wettest at 18.4 cm.",,UNKNOWN,UNKNOWN,"Rainfall varies sharply across Pune district: western hilly talukas (Velha, Mulshi, Maval) receive the highest rainfall, Pune city is in the moderate zone, and the eastern talukas are dry or semi-arid. April and May are the hottest months.",,,,,"District-level normals from the cited source for Pune district (and Pune city); representative of the district, not of the whole zone.","Pune (Maharashtra) has a strongly seasonal monsoon rainfall: June-September brings roughly 79-87% of the annual total (about 76 cm a year for Pune city), peaking in July and August. Rainfall varies sharply across the district, with the west much wetter than the east, and April-May are the hottest months.",Pune district administration: About Pune (weather and rainfall),https://pune.gov.in/?p=24799,Indian Institute of Tropical Meteorology (MoES) ICCP-2021 page: Weather in Pune,https://iccp2020.tropmet.res.in/weatherinpune,Both sources are Government of India bodies (district administration; IITM under Ministry of Earth Sciences). Not an ICAR plan; Pune's ICAR plan excerpt did not include rainfall.,MEDIUM,2026-10-07
REG_IN_PCREGION_01_001,REGIONAL_CLIMATE,,,India,,Western Himalayan Region (I),Western Himalayan Region (I),"Planning Commission agro-climatic regions (15 regions, 1988)",,,July and January (as stated),YEAR_ROUND,July average 5-30 C; January 0 to -4 C,July average 5-30 C; January 0 to -4 C,Average annual rainfall about 150 cm; great variation in relief,,HIGH,UNKNOWN,"Summer is mild; winter has severe cold; apple, pear and temperate vegetables, flowers and saffron-type crops suit the region (as stated).",,,,,"Region-wide description covering Jammu & Kashmir, Himachal Pradesh, Kumaun-Garhwal (Uttarakhand). Individual districts within the region can differ substantially, especially with altitude.","Western Himalayan Region (I) (Jammu & Kashmir, Himachal Pradesh, Kumaun-Garhwal (Uttarakhand)): temperature July average 5-30 C; January 0 to -4 C; Average annual rainfall about 150 cm; great variation in relief. These are region-wide ranges from an e-PG Pathshala (UGC/MHRD) text, not district values; use district records for local rainfall and combine with altitude. Frost: the source describes severe winter cold with January temperatures of 0 to -4 C.",e-PG Pathshala (UGC/MHRD) module RG-38: Agro-climatic Regions of India (Jamia Millia Islamia),https://epgp.inflibnet.ac.in/epgpdata/uploads/epgp_content/S000017GE/P001789/M025466/ET/1512709815Agro-climaticzones_e-text.pdf,,,Temperature and rainfall ranges are quoted as stated. frost_risk HIGH reflects January 0 to -4 C and 'severe cold conditions' stated for the region (altitude-dependent). Frost/heat ratings are left UNKNOWN wherever the source gives only temperature ranges.,MEDIUM,2026-10-07
REG_IN_PCREGION_02_001,REGIONAL_CLIMATE,,,India,,Eastern Himalayan Region (II),Eastern Himalayan Region (II),"Planning Commission agro-climatic regions (15 regions, 1988)",,,July and January (as stated),YEAR_ROUND,July 25-33 C; January 11-24 C,July 25-33 C; January 11-24 C,Rainfall over 200 cm; sub-humid climate,,UNKNOWN,UNKNOWN,"Rugged topography, thick forest cover.",,,,,"Region-wide description covering Sikkim, Darjeeling area, Arunachal Pradesh, Assam hills, Nagaland, Meghalaya, Manipur, Mizoram, Tripura. Individual districts within the region can differ substantially, especially with altitude.","Eastern Himalayan Region (II) (Sikkim, Darjeeling area, Arunachal Pradesh, Assam hills, Nagaland, Meghalaya, Manipur, Mizoram, Tripura): temperature July 25-33 C; January 11-24 C; Rainfall over 200 cm; sub-humid climate. These are region-wide ranges from an e-PG Pathshala (UGC/MHRD) text, not district values; use district records for local rainfall and combine with altitude.",e-PG Pathshala (UGC/MHRD) module RG-38: Agro-climatic Regions of India (Jamia Millia Islamia),https://epgp.inflibnet.ac.in/epgpdata/uploads/epgp_content/S000017GE/P001789/M025466/ET/1512709815Agro-climaticzones_e-text.pdf,,,Temperature and rainfall ranges are quoted as stated. Frost/heat ratings are left UNKNOWN wherever the source gives only temperature ranges.,MEDIUM,2026-10-07
REG_IN_PCREGION_03_001,REGIONAL_CLIMATE,,,India,,Lower Gangetic Plain Region (III),Lower Gangetic Plain Region (III),"Planning Commission agro-climatic regions (15 regions, 1988)",,,July and January (as stated),YEAR_ROUND,July 26-41 C; January 9-24 C,July 26-41 C; January 9-24 C,Annual rainfall 100-200 cm,,UNKNOWN,UNKNOWN,Waterlogging and marshy land is acute in some parts (as stated).,,,,,"Region-wide description covering Eastern Bihar, West Bengal, Assam valley (per source). Individual districts within the region can differ substantially, especially with altitude.","Lower Gangetic Plains Region (III) (Eastern Bihar, West Bengal, Assam valley (per source)): temperature July 26-41 C; January 9-24 C; Annual rainfall 100-200 cm. These are region-wide ranges from an e-PG Pathshala (UGC/MHRD) text, not district values; use district records for local rainfall and combine with altitude.",e-PG Pathshala (UGC/MHRD) module RG-38: Agro-climatic Regions of India (Jamia Millia Islamia),https://epgp.inflibnet.ac.in/epgpdata/uploads/epgp_content/S000017GE/P001789/M025466/ET/1512709815Agro-climaticzones_e-text.pdf,,,Temperature and rainfall ranges are quoted as stated. Frost/heat ratings are left UNKNOWN wherever the source gives only temperature ranges.,LOW,2026-10-07
REG_IN_PCREGION_04_001,REGIONAL_CLIMATE,,,India,,Middle Gangetic Plain Region (IV),Middle Gangetic Plain Region (IV),"Planning Commission agro-climatic regions (15 regions, 1988)",,,July and January (as stated),YEAR_ROUND,July 26-41 C; January 9-24 C,July 26-41 C; January 9-24 C,Annual rainfall 100-200 cm,,UNKNOWN,UNKNOWN,Fertile alluvial plain with abundant groundwater and perennial rivers.,,,,,"Region-wide description covering Eastern Uttar Pradesh and Bihar (except Chotanagpur plateau). Individual districts within the region can differ substantially, especially with altitude.","Middle Gangetic Plains Region (IV) (Eastern Uttar Pradesh and Bihar (except Chotanagpur plateau)): temperature July 26-41 C; January 9-24 C; Annual rainfall 100-200 cm. These are region-wide ranges from an e-PG Pathshala (UGC/MHRD) text, not district values; use district records for local rainfall and combine with altitude.",e-PG Pathshala (UGC/MHRD) module RG-38: Agro-climatic Regions of India (Jamia Millia Islamia),https://epgp.inflibnet.ac.in/epgpdata/uploads/epgp_content/S000017GE/P001789/M025466/ET/1512709815Agro-climaticzones_e-text.pdf,,,Temperature and rainfall ranges are quoted as stated. Frost/heat ratings are left UNKNOWN wherever the source gives only temperature ranges.,MEDIUM,2026-10-07
REG_IN_PCREGION_05_001,REGIONAL_CLIMATE,,,India,,Upper Gangetic Plains Region (V),Upper Gangetic Plains Region (V),"Planning Commission agro-climatic regions (15 regions, 1988)",,,July and January (as stated),YEAR_ROUND,July 26-41 C; January 7-23 C,July 26-41 C; January 7-23 C,Annual rainfall 75-150 cm; sub-humid continental climate,,UNKNOWN,UNKNOWN,Sandy-loam soil; intensive irrigated agriculture.,,,,,"Region-wide description covering Central and western Uttar Pradesh. Individual districts within the region can differ substantially, especially with altitude.","Upper Gangetic Plains Region (V) (Central and western Uttar Pradesh): temperature July 26-41 C; January 7-23 C; Annual rainfall 75-150 cm; sub-humid continental climate. These are region-wide ranges from an e-PG Pathshala (UGC/MHRD) text, not district values; use district records for local rainfall and combine with altitude.",e-PG Pathshala (UGC/MHRD) module RG-38: Agro-climatic Regions of India (Jamia Millia Islamia),https://epgp.inflibnet.ac.in/epgpdata/uploads/epgp_content/S000017GE/P001789/M025466/ET/1512709815Agro-climaticzones_e-text.pdf,,,Temperature and rainfall ranges are quoted as stated. Frost/heat ratings are left UNKNOWN wherever the source gives only temperature ranges.,MEDIUM,2026-10-07
REG_IN_PCREGION_06_001,REGIONAL_CLIMATE,,,India,,Trans-Gangetic Plains Region (VI),Trans-Gangetic Plains Region (VI),"Planning Commission agro-climatic regions (15 regions, 1988)",,,July and January (as stated),YEAR_ROUND,July 26-42 C; January 7-22 C,July 26-42 C; January 7-22 C,Annual rainfall 70-125 cm; semi-arid characteristics,,UNKNOWN,UNKNOWN,"Waterlogging, salinity and falling water table are noted problems.",,,,,"Region-wide description covering Punjab, Haryana, Delhi, Chandigarh, Ganganagar (Rajasthan). Individual districts within the region can differ substantially, especially with altitude.","Trans-Gangetic Plains Region (VI) (Punjab, Haryana, Delhi, Chandigarh, Ganganagar (Rajasthan)): temperature July 26-42 C; January 7-22 C; Annual rainfall 70-125 cm; semi-arid characteristics. These are region-wide ranges from an e-PG Pathshala (UGC/MHRD) text, not district values; use district records for local rainfall and combine with altitude.",e-PG Pathshala (UGC/MHRD) module RG-38: Agro-climatic Regions of India (Jamia Millia Islamia),https://epgp.inflibnet.ac.in/epgpdata/uploads/epgp_content/S000017GE/P001789/M025466/ET/1512709815Agro-climaticzones_e-text.pdf,,,Temperature and rainfall ranges are quoted as stated. Frost/heat ratings are left UNKNOWN wherever the source gives only temperature ranges.,MEDIUM,2026-10-07
REG_IN_PCREGION_07_001,REGIONAL_CLIMATE,,,India,,Eastern Plateau and Hills Region (VII),Eastern Plateau and Hills Region (VII),"Planning Commission agro-climatic regions (15 regions, 1988)",,,July and January (as stated),YEAR_ROUND,July 26-34 C; January 10-27 C,July 26-34 C; January 10-27 C,Annual rainfall 80-150 cm,,UNKNOWN,UNKNOWN,Deficient water resources; mostly rainfed; red and yellow soils.,,,,,"Region-wide description covering Chotanagpur plateau, Rajmahal hills, Chhattisgarh plains, Dandakaranya. Individual districts within the region can differ substantially, especially with altitude.","Eastern Plateau and Hills Region (VII) (Chotanagpur plateau, Rajmahal hills, Chhattisgarh plains, Dandakaranya): temperature July 26-34 C; January 10-27 C; Annual rainfall 80-150 cm. These are region-wide ranges from an e-PG Pathshala (UGC/MHRD) text, not district values; use district records for local rainfall and combine with altitude.",e-PG Pathshala (UGC/MHRD) module RG-38: Agro-climatic Regions of India (Jamia Millia Islamia),https://epgp.inflibnet.ac.in/epgpdata/uploads/epgp_content/S000017GE/P001789/M025466/ET/1512709815Agro-climaticzones_e-text.pdf,,,Temperature and rainfall ranges are quoted as stated. Frost/heat ratings are left UNKNOWN wherever the source gives only temperature ranges.,MEDIUM,2026-10-07
REG_IN_PCREGION_08_001,REGIONAL_CLIMATE,,,India,,Central Plateau and Hills Region (VIII),Central Plateau and Hills Region (VIII),"Planning Commission agro-climatic regions (15 regions, 1988)",,,July and January (as stated),YEAR_ROUND,July 26-40 C; January 7-24 C,July 26-40 C; January 7-24 C,Annual rainfall 50-100 cm; semi-arid in the west to sub-humid in the east,,UNKNOWN,UNKNOWN,Dearth of water resources.,,,,,"Region-wide description covering Bundelkhand, Baghelkhand, Bhander plateau, Malwa plateau, Vindhyachal hills. Individual districts within the region can differ substantially, especially with altitude.","Central Plateau and Hills Region (VIII) (Bundelkhand, Baghelkhand, Bhander plateau, Malwa plateau, Vindhyachal hills): temperature July 26-40 C; January 7-24 C; Annual rainfall 50-100 cm; semi-arid in the west to sub-humid in the east. These are region-wide ranges from an e-PG Pathshala (UGC/MHRD) text, not district values; use district records for local rainfall and combine with altitude.",e-PG Pathshala (UGC/MHRD) module RG-38: Agro-climatic Regions of India (Jamia Millia Islamia),https://epgp.inflibnet.ac.in/epgpdata/uploads/epgp_content/S000017GE/P001789/M025466/ET/1512709815Agro-climaticzones_e-text.pdf,,,Temperature and rainfall ranges are quoted as stated. Frost/heat ratings are left UNKNOWN wherever the source gives only temperature ranges.,MEDIUM,2026-10-07
REG_IN_PCREGION_09_001,REGIONAL_CLIMATE,,,India,,Western Plateau and Hills Region (IX),Western Plateau and Hills Region (IX),"Planning Commission agro-climatic regions (15 regions, 1988)",,,July and January (as stated),YEAR_ROUND,July 24-41 C; January 6-23 C,July 24-41 C; January 6-23 C,Annual rainfall 25-75 cm,,UNKNOWN,UNKNOWN,Deficient in water resources; black (regur) soils.,,,,,"Region-wide description covering Southern Malwa plateau and Deccan plateau (Maharashtra). Individual districts within the region can differ substantially, especially with altitude.","Western Plateau and Hills Region (IX) (Southern Malwa plateau and Deccan plateau (Maharashtra)): temperature July 24-41 C; January 6-23 C; Annual rainfall 25-75 cm. These are region-wide ranges from an e-PG Pathshala (UGC/MHRD) text, not district values; use district records for local rainfall and combine with altitude.",e-PG Pathshala (UGC/MHRD) module RG-38: Agro-climatic Regions of India (Jamia Millia Islamia),https://epgp.inflibnet.ac.in/epgpdata/uploads/epgp_content/S000017GE/P001789/M025466/ET/1512709815Agro-climaticzones_e-text.pdf,,,Temperature and rainfall ranges are quoted as stated. Frost/heat ratings are left UNKNOWN wherever the source gives only temperature ranges.,MEDIUM,2026-10-07
REG_IN_PCREGION_10_001,REGIONAL_CLIMATE,,,India,,Southern Plateau and Hills Region (X),Southern Plateau and Hills Region (X),"Planning Commission agro-climatic regions (15 regions, 1988)",,,July and January (as stated),YEAR_ROUND,July 26-42 C; January 13-21 C,July 26-42 C; January 13-21 C,Annual rainfall 50-100 cm; semi-arid,,UNKNOWN,UNKNOWN,Mostly dryland farming.,,,,,"Region-wide description covering Southern Maharashtra, Karnataka, western Andhra Pradesh, northern Tamil Nadu. Individual districts within the region can differ substantially, especially with altitude.","Southern Plateau and Hills Region (X) (Southern Maharashtra, Karnataka, western Andhra Pradesh, northern Tamil Nadu): temperature July 26-42 C; January 13-21 C; Annual rainfall 50-100 cm; semi-arid. These are region-wide ranges from an e-PG Pathshala (UGC/MHRD) text, not district values; use district records for local rainfall and combine with altitude.",e-PG Pathshala (UGC/MHRD) module RG-38: Agro-climatic Regions of India (Jamia Millia Islamia),https://epgp.inflibnet.ac.in/epgpdata/uploads/epgp_content/S000017GE/P001789/M025466/ET/1512709815Agro-climaticzones_e-text.pdf,,,Temperature and rainfall ranges are quoted as stated. Frost/heat ratings are left UNKNOWN wherever the source gives only temperature ranges.,MEDIUM,2026-10-07
REG_IN_PCREGION_11_001,REGIONAL_CLIMATE,,,India,,East Coast Plains and Hills Region (XI),East Coast Plains and Hills Region (XI),"Planning Commission agro-climatic regions (15 regions, 1988)",,,July and January (as stated),YEAR_ROUND,'May' 26-32 C and January 20-29 C as printed (the May value looks inconsistent with a hot-season month),'May' 26-32 C and January 20-29 C as printed (the May value looks inconsistent with a hot-season month),Annual rainfall 75-150 cm; sub-humid maritime climate,,UNKNOWN,UNKNOWN,"Alluvial, loam and clay soils with alkalinity problems.",,,,,"Region-wide description covering Coromandel and Northern Circar coasts (Odisha, Andhra Pradesh, Tamil Nadu, Puducherry). Individual districts within the region can differ substantially, especially with altitude.","East Coast Plains and Hills Region (XI) (Coromandel and Northern Circar coasts (Odisha, Andhra Pradesh, Tamil Nadu, Puducherry)): temperature 'May' 26-32 C and January 20-29 C as printed (the May value looks inconsistent with a hot-season month); Annual rainfall 75-150 cm; sub-humid maritime climate. These are region-wide ranges from an e-PG Pathshala (UGC/MHRD) text, not district values; use district records for local rainfall and combine with altitude.",e-PG Pathshala (UGC/MHRD) module RG-38: Agro-climatic Regions of India (Jamia Millia Islamia),https://epgp.inflibnet.ac.in/epgpdata/uploads/epgp_content/S000017GE/P001789/M025466/ET/1512709815Agro-climaticzones_e-text.pdf,,,Temperature and rainfall ranges are quoted as stated. Frost/heat ratings are left UNKNOWN wherever the source gives only temperature ranges.,LOW,2026-10-07
REG_IN_PCREGION_12_001,REGIONAL_CLIMATE,,,India,,West Coast Plains and Ghat Region (XII),West Coast Plains and Ghat Region (XII),"Planning Commission agro-climatic regions (15 regions, 1988)",,,July and January (as stated),YEAR_ROUND,July 26-32 C; January 19-28 C,July 26-32 C; January 19-28 C,Annual rainfall above 200 cm; humid,,UNKNOWN,UNKNOWN,Laterite and coastal alluvial soils; plantation crops and spices on Ghat slopes.,,,,,"Region-wide description covering Malabar and Konkan coasts and the Sahyadris (Kerala, Goa, Karnataka, Maharashtra, Tamil Nadu). Individual districts within the region can differ substantially, especially with altitude.","West Coast Plains and Ghats Region (XII) (Malabar and Konkan coasts and the Sahyadris (Kerala, Goa, Karnataka, Maharashtra, Tamil Nadu)): temperature July 26-32 C; January 19-28 C; Annual rainfall above 200 cm; humid. These are region-wide ranges from an e-PG Pathshala (UGC/MHRD) text, not district values; use district records for local rainfall and combine with altitude.",e-PG Pathshala (UGC/MHRD) module RG-38: Agro-climatic Regions of India (Jamia Millia Islamia),https://epgp.inflibnet.ac.in/epgpdata/uploads/epgp_content/S000017GE/P001789/M025466/ET/1512709815Agro-climaticzones_e-text.pdf,,,Temperature and rainfall ranges are quoted as stated. Frost/heat ratings are left UNKNOWN wherever the source gives only temperature ranges.,MEDIUM,2026-10-07
REG_IN_PCREGION_13_001,REGIONAL_CLIMATE,,,India,,Gujarat Plains and Hills Region (XIII),Gujarat Plains and Hills Region (XIII),"Planning Commission agro-climatic regions (15 regions, 1988)",,,July and January (as stated),YEAR_ROUND,July 26-42 C; January 13-29 C,July 26-42 C; January 13-29 C,Annual rainfall 50-100 cm; arid and semi-arid,,UNKNOWN,UNKNOWN,"Regur soils on plateau, alluvium on coastal plains.",,,,,"Region-wide description covering Kathiawar and valleys of the Mahi and Sabarmati rivers. Individual districts within the region can differ substantially, especially with altitude.","Gujarat Plains and Hills Region (XIII) (Kathiawar and valleys of the Mahi and Sabarmati rivers): temperature July 26-42 C; January 13-29 C; Annual rainfall 50-100 cm; arid and semi-arid. These are region-wide ranges from an e-PG Pathshala (UGC/MHRD) text, not district values; use district records for local rainfall and combine with altitude.",e-PG Pathshala (UGC/MHRD) module RG-38: Agro-climatic Regions of India (Jamia Millia Islamia),https://epgp.inflibnet.ac.in/epgpdata/uploads/epgp_content/S000017GE/P001789/M025466/ET/1512709815Agro-climaticzones_e-text.pdf,,,Temperature and rainfall ranges are quoted as stated. Frost/heat ratings are left UNKNOWN wherever the source gives only temperature ranges.,MEDIUM,2026-10-07
REG_IN_PCREGION_14_001,REGIONAL_CLIMATE,,,India,,Western Dry Region (XIV),Western Dry Region (XIV),"Planning Commission agro-climatic regions (15 regions, 1988)",,,July and January (as stated),YEAR_ROUND,June 28-45 C; January 5-22 C,June 28-45 C; January 5-22 C,Annual rainfall averaging less than 25 cm; erratic; high evaporation,,UNKNOWN,HIGH,"Hot sandy desert with scanty vegetation; very deep, often brackish groundwater.",,,,,"Region-wide description covering Western Rajasthan west of the Aravallis. Individual districts within the region can differ substantially, especially with altitude.","Western Dry Region (XIV) (Western Rajasthan west of the Aravallis): temperature June 28-45 C; January 5-22 C; Annual rainfall averaging less than 25 cm; erratic; high evaporation. These are region-wide ranges from an e-PG Pathshala (UGC/MHRD) text, not district values; use district records for local rainfall and combine with altitude. Heat: the source describes a hot sandy desert with June temperatures up to 45 C.",e-PG Pathshala (UGC/MHRD) module RG-38: Agro-climatic Regions of India (Jamia Millia Islamia),https://epgp.inflibnet.ac.in/epgpdata/uploads/epgp_content/S000017GE/P001789/M025466/ET/1512709815Agro-climaticzones_e-text.pdf,,,Temperature and rainfall ranges are quoted as stated. heat_risk HIGH reflects 'hot sandy desert' and June up to 45 C stated for the region. Frost/heat ratings are left UNKNOWN wherever the source gives only temperature ranges.,MEDIUM,2026-10-07
REG_IN_PCREGION_15_001,REGIONAL_CLIMATE,,,India,,The Islands Region (XV),The Islands Region (XV),"Planning Commission agro-climatic regions (15 regions, 1988)",,,July and January (as stated),YEAR_ROUND,Port Blair mean July 30 C and January 25 C,Port Blair mean July 30 C and January 25 C,Annual rainfall less than 300 cm; equatorial climate,,UNKNOWN,UNKNOWN,Thick forests; sandy coastal soils to clayey loam in valleys.,,,,,"Region-wide description covering Andaman and Nicobar, Lakshadweep. Individual districts within the region can differ substantially, especially with altitude.","The Islands Region (XV) (Andaman and Nicobar, Lakshadweep): temperature Port Blair mean July 30 C and January 25 C; Annual rainfall less than 300 cm; equatorial climate. These are region-wide ranges from an e-PG Pathshala (UGC/MHRD) text, not district values; use district records for local rainfall and combine with altitude.",e-PG Pathshala (UGC/MHRD) module RG-38: Agro-climatic Regions of India (Jamia Millia Islamia),https://epgp.inflibnet.ac.in/epgpdata/uploads/epgp_content/S000017GE/P001789/M025466/ET/1512709815Agro-climaticzones_e-text.pdf,,,Temperature and rainfall ranges are quoted as stated. Frost/heat ratings are left UNKNOWN wherever the source gives only temperature ranges.,MEDIUM,2026-10-07
