record_id,source_name,source_url,source_type,claims_supported,secondary_source_name,secondary_source_url,verification_status,notes
SEA_IN_IMD_WINTER_001,"India Book 2020 (Govt. of India, Publications Division) - Climate, via knowindia.india.gov.in",https://knowindia.india.gov.in/profile/climate.php,Government publication,IMD designates four official seasons in India; this season runs December to early April.,,,PRIMARY_ONLY,"Other (non-authoritative) pages seen describe IMD seasons with different month boundaries (e.g. winter as Jan-Feb, summer Mar-May); the Government of India publication was used. Direct IMD page not checked."
SEA_IN_IMD_SUMMER_001,"India Book 2020 (Govt. of India, Publications Division) - Climate, via knowindia.india.gov.in",https://knowindia.india.gov.in/profile/climate.php,Government publication,IMD designates four official seasons in India; this season runs April to June (April to July in north-western India).,,,PRIMARY_ONLY,"Other (non-authoritative) pages seen describe IMD seasons with different month boundaries (e.g. winter as Jan-Feb, summer Mar-May); the Government of India publication was used. Direct IMD page not checked."
SEA_IN_IMD_MONSOON_001,"India Book 2020 (Govt. of India, Publications Division) - Climate, via knowindia.india.gov.in",https://knowindia.india.gov.in/profile/climate.php,Government publication,IMD designates four official seasons in India; this season runs June to September.,,,PRIMARY_ONLY,"Other (non-authoritative) pages seen describe IMD seasons with different month boundaries (e.g. winter as Jan-Feb, summer Mar-May); the Government of India publication was used. Direct IMD page not checked."
SEA_IN_IMD_POSTMON_001,"India Book 2020 (Govt. of India, Publications Division) - Climate, via knowindia.india.gov.in",https://knowindia.india.gov.in/profile/climate.php,Government publication,IMD designates four official seasons in India; this season runs October to December.,,,PRIMARY_ONLY,"Other (non-authoritative) pages seen describe IMD seasons with different month boundaries (e.g. winter as Jan-Feb, summer Mar-May); the Government of India publication was used. Direct IMD page not checked."
LOC_IN_GORAKHPUR_001,ICAR-CRIDA Agriculture Contingency Plan: Gorakhpur (Uttar Pradesh),https://icar-crida.res.in/CP/Uttar_Pradesh/UP13-Gorakhpur-28.08.12.pdf,ICAR research institute (government),"Gorakhpur is in NARP zone UP-8, Planning Commission region IV, ICAR eco-region 13.1.",ICAR KRISHI repository: Contingency Plan Kushinagar (Uttar Pradesh),https://krishi.icar.gov.in/jspui/handle/123456789/49039,VERIFIED,"Gorakhpur plan states UP-8; Kushinagar plan lists Gorakhpur in the same zone (UP-8). Deoria plan (UP-9) and Basti plan (UP-6) use different zone codes for their own districts, so zone codes are inconsistent across plans; district-level plan used. Longitude in the Gorakhpur plan is garbled in text extraction and is not used."
LOC_IN_BENGALURU_001,"ICAR Contingency Plan: Bengaluru Rural (Karnataka), kvk.icar.gov.in",https://kvk.icar.gov.in/Contigencyplan/Bangalore%20Ruralaa9ac6f8-8669-4334-9c7e-42c240301a88.pdf,ICAR / KVK (government),Bengaluru Urban/Rural are in NARP Eastern Dry Zone KA-5; region X; ICAR sub-region 8.2.,ICAR-CRIDA Agriculture Contingency Plan: Ramanagara (Karnataka),"https://www.icar-crida.res.in/CP/Karnataka/GKVK,%20Bangalore/KAR19-%20Ramanagara%2031.05.2011.pdf",VERIFIED,"Ramanagara plan independently lists 'Bangalore' under KA-5. ICAR sub-region name is truncated in the Bengaluru Rural source text, so only the code 8.2 is recorded."
LOC_IN_JAIPUR_001,"ICAR Contingency Plan: Jaipur (Rajasthan), kvk.icar.gov.in",https://kvk.icar.gov.in/Contigencyplan/Jaipur%200e79fecb-7b02-4a50-87de-22195646f8f2.pdf,ICAR / KVK (government),Jaipur is in a NARP semi-arid eastern plain zone with Ajmer/Tonk/Dausa; Planning Commission 'Western Dry Region'.,ICAR-CRIDA Agriculture Contingency Plan: Ajmer (Rajasthan),"https://www.icar-crida.res.in/CP/Rajastan/RAU,%20Bikaner/RAJ3-Ajmer%203.2.2011.pdf",PARTIALLY_CONFLICTING,"Jaipur plan prints region numeral XIII while the Ajmer plan prints XIV for Western Dry Region; numeral omitted. Ajmer plan uses a different NARP label (Transitional Plain of Inland Drainage Zone, RA-III a) for a zone that lists Jaipur."
LOC_IN_JODHPUR_001,ICAR-CRIDA Agriculture Contingency Plan: Jodhpur (Rajasthan),"https://icar-crida.res.in/CP/Rajastan/RAU,%20Bikaner/RAJ16-Jodhpur-9.3.2012.pdf",ICAR research institute (government),Jodhpur is in NARP zone RJ-1; region XIV; ICAR eco-region 2.1 (hot arid).,,,PRIMARY_ONLY,No independent secondary retrieved.
LOC_IN_PUNE_001,ICAR KRISHI repository: Contingency Plan Pune (Maharashtra),https://krishi.icar.gov.in/jspui/handle/123456789/30270,ICAR research institute (government),"Pune is in region IX, ICAR sub-region 6.1, and falls under several NARP zones.",ICAR-CRIDA Agriculture Contingency Plan: Nashik (Maharashtra),"https://www.icar-crida.res.in/CP/Maharastra/MPKVV,%20Rahuri/MH7-NASIK%2031.03.2011.pdf",VERIFIED,"Nashik plan also lists Pune under the Western Ghat, Scarcity and Plain/Sub Montane zones. Coordinates in the Pune plan text look garbled and are not used."
LOC_IN_KANCHEEPURAM_001,ICAR-CRIDA Agriculture Contingency Plan: Kancheepuram (Tamil Nadu),"https://www.icar-crida.res.in/CP/Tamilnadu/TNAU,%20Coimbattore/TN1-Kancheepuram%203.2.2011.pdf",ICAR research institute (government),Kancheepuram is in NARP North Eastern Zone TN-1; region XI.,TNAU Agritech Portal: Cropping Pattern - North Eastern Zone,https://agritech.tnau.ac.in/agriculture/agri_agrometeorology_croppingpatern_northeasternzone.html,VERIFIED,TNAU's North Eastern Zone page also lists Kancheepuram. Latitude/longitude printed in the ICAR plan look inconsistent with the district and are not used.
LOC_IN_KAMRUP_001,ICAR-CRIDA Agriculture Contingency Plan: Kamrup (Assam),https://icar-crida.res.in/CP/Assam/Assam9-Kamrup.pdf,ICAR research institute (government),Kamrup is in NARP zone AS-4; region II.,ICAR-CRIDA Agriculture Contingency Plan: Nalbari (Assam),https://icar-crida.res.in/CP/Assam/Assam6-Nalbari.pdf,VERIFIED,Nalbari plan also lists Kamrup in the Lower Brahmaputra Valley Zone. The plan names 'Kamrup (Metro)'; the Guwahati link rests on the plan's Guwahati research-station address.
LOC_IN_SHIMLA_001,ICAR-CRIDA Agriculture Contingency Plan: Shimla (Himachal Pradesh),https://icar-crida.res.in/CP/HimachalPradesh/HP11_Shimla_05.10.13.pdf,ICAR research institute (government),"Shimla in Western Himalayan Region (I); NARP zone HP-3 per own plan, HP-2 per Chamba and Mandi plans; altitude about 300-6000 m.",ICAR-CRIDA Agriculture Contingency Plan: Chamba (Himachal Pradesh),https://icar-crida.res.in/CP/HimachalPradesh/HP9_Chamba_05.10.13.pdf,PARTIALLY_CONFLICTING,"Zone assignment differs between plans; both are recorded. Treat altitude, not district name, as the key driver."
LOC_IN_BHOPAL_001,ICAR-CRIDA Agriculture Contingency Plan: Bhopal (Madhya Pradesh),https://icar-crida.res.in/CP/madhya%20pradesh/MP42_Bhopal_24.09.13.pdf,ICAR research institute (government),Bhopal's split between regions VIII/IX and zones MP-10/MP-5; ICAR sub-region 10.1.,ICAR KRISHI repository: Contingency Plan Sehore (Madhya Pradesh),https://krishi.icar.gov.in/jspui/handle/123456789/30497?mode=full,VERIFIED,Sehore plan lists Bhopal in Malwa Plateau MP-10; Vidisha plan lists Bhopal in Vindhya Plateau MP-5. Percentages are as printed in the Bhopal plan.
LOC_IN_LUDHIANA_001,ICAR-CRIDA Agriculture Contingency Plan: Ludhiana (Punjab),"https://icar-crida.res.in/CP/Punjab/PAU,%20Ludhiana/PUNJAB%205-Ludhiana%2030.04.2011.pdf",ICAR research institute (government),Ludhiana is in NARP zone PB-3; region VI.,"ICAR Contingency Plan: Amritsar (Punjab), kvk.icar.gov.in",https://kvk.icar.gov.in/Contigencyplan/Amritsar%202a3cd0fd-980e-4ea9-a755-64bbc4eb49e0.pdf,VERIFIED,Amritsar plan lists Ludhiana in the same NARP zone.
LOC_IN_ERNAKULAM_001,ICAR-CRIDA Agriculture Contingency Plan: Ernakulam (Kerala),"https://icar-crida.res.in/CP/kerala/KAU,%20Trichur/KER12-Ernakulam-30-06-2011.pdf",ICAR research institute (government),Ernakulam is in NARP zone KE-3; region XII; ICAR sub-region 19.2.,ICAR-CRIDA Agriculture Contingency Plan: Wayanad (Kerala),"https://icar-crida.res.in/CP/kerala/KAU,%20Trichur/KER1-Waynad-30-06-2011.pdf",VERIFIED,"Wayanad, Malappuram and Palakkad plans list Ernakulam in KE-3. Altitude printed in the Ernakulam plan (300 m) looks inconsistent for a coastal district and is not used. 'Kochi area' is a convenience label not stated by the source."
LOC_IN_KOLLAM_001,ICAR-CRIDA Agriculture Contingency Plan: Kollam (Kerala),"https://icar-crida.res.in/CP/kerala/KAU,%20Trichur/KER9-Kollam-30-06-2011.pdf",ICAR research institute (government),Kollam is in NARP Southern Zone; region XII; ICAR sub-region 19.2.,,,PRIMARY_ONLY,No secondary retrieved.
LOC_IN_WAYANAD_001,ICAR-CRIDA Agriculture Contingency Plan: Wayanad (Kerala),"https://icar-crida.res.in/CP/kerala/KAU,%20Trichur/KER1-Waynad-30-06-2011.pdf",ICAR research institute (government),Wayanad is in KE-3/KE-1; region XII; altitude 700-1200 m.,ICAR-CRIDA Agriculture Contingency Plan: Malappuram (Kerala),"https://icar-crida.res.in/CP/kerala/KAU,%20Trichur/KER11-Malappuram-30-06-2011.pdf",VERIFIED,Malappuram plan lists Wayanad in KE-3. Plan coordinates are garbled and not used.
LOC_IN_NORTH24PARGANAS_001,"ICAR Contingency Plan: North 24 Parganas (West Bengal), kvk.icar.gov.in",https://kvk.icar.gov.in/Contigencyplan/North%20Twenty%20Four%20Parganasc7b75330-541f-4c69-9732-65ac9ba24598.pdf,ICAR / KVK (government),North 24 Parganas is in region III and NARP zones WB-6/WB-4; ICAR sub-region 15.1.,ICAR KRISHI repository: Contingency Plan Murshidabad (West Bengal),https://krishi.icar.gov.in/jspui/handle/123456789/29250,VERIFIED,"Murshidabad plan lists 24-Parganas (N) among districts in the New Alluvial Zone WB-4. Kolkata is mapped only through its appearance in the zone list, not as a separate plan."
REG_IN_GORAKHPUR_001,ICAR-CRIDA Agriculture Contingency Plan: Gorakhpur (Uttar Pradesh),https://icar-crida.res.in/CP/Uttar_Pradesh/UP13-Gorakhpur-28.08.12.pdf,ICAR research institute (government),"Seasonal rainfall normals, onset/cessation, annual total; plan lists drought, flood, heat wave, cold wave, frost among contingencies. Seasonal temperature means from ANDUAT study.",EasyChair preprint 1706: Climatic Changes in Eastern Uttar Pradesh (Gorakhpur) - not peer reviewed,https://easychair-www.easychair.org/publications/preprint/8QGC,VERIFIED,"Seasonal values sum to the annual total (1364.1). EasyChair preprint independently reports about 1205 mm average over 17 years and July-September as the wettest period, so totals differ with period; the plan's normals are dated (about 2007-08 tables). Temperature from Prince et al. 2025 (The Bioscan 20(3), https://thebioscan.com/index.php/pub/article/download/3762/3045/6891), North Eastern Plain Zone of UP, 2004-2023 seasonal means; paper's rainfall columns look implausible (cumulative) and were NOT used; paper labels seasons 'summer monsoon', 'winter monsoon' for Mar-May / Dec-Feb."
REG_IN_BENGALURU_001,"ICAR Contingency Plan: Bengaluru Rural (Karnataka), kvk.icar.gov.in",https://kvk.icar.gov.in/Contigencyplan/Bangalore%20Ruralaa9ac6f8-8669-4334-9c7e-42c240301a88.pdf,ICAR / KVK (government),Bengaluru Rural SW 415 mm and NE 223 mm; Ramanagara SW 426 / NE 230 mm.,ICAR-CRIDA Agriculture Contingency Plan: Ramanagara (Karnataka),"https://www.icar-crida.res.in/CP/Karnataka/GKVK,%20Bangalore/KAR19-%20Ramanagara%2031.05.2011.pdf",VERIFIED,"Rainy-days columns are garbled in the text extraction and are not used. Two districts agree closely, supporting the pattern."
REG_IN_JAIPUR_001,"ICAR Contingency Plan: Jaipur (Rajasthan), kvk.icar.gov.in",https://kvk.icar.gov.in/Contigencyplan/Jaipur%200e79fecb-7b02-4a50-87de-22195646f8f2.pdf,ICAR / KVK (government),"Jaipur SW 514.8 mm, NE 15.5 mm, onset/cessation weeks.",ICAR KRISHI repository: Contingency Plan Jaipur (Rajasthan),https://krishi.icar.gov.in/jspui/handle/123456789/29626,PARTIALLY_CONFLICTING,"Rainfall read from the Jaipur plan; the KRISHI repository abstract confirms the zone text only, not the rainfall. Region numeral conflict with Ajmer plan (see LOC record)."
REG_IN_JODHPUR_001,ICAR-CRIDA Agriculture Contingency Plan: Jodhpur (Rajasthan),"https://icar-crida.res.in/CP/Rajastan/RAU,%20Bikaner/RAJ16-Jodhpur-9.3.2012.pdf",ICAR research institute (government),"Jodhpur SW 234 mm, NE 2 mm, onset week 27, cessation week 36.",,,PRIMARY_ONLY,No secondary retrieved.
REG_IN_KANCHEEPURAM_001,ICAR-CRIDA Agriculture Contingency Plan: Kancheepuram (Tamil Nadu),"https://www.icar-crida.res.in/CP/Tamilnadu/TNAU,%20Coimbattore/TN1-Kancheepuram%203.2.2011.pdf",ICAR research institute (government),Kancheepuram NE 697 mm vs SW 462 mm; annual about 1254 mm.,TNAU Agritech Portal: Cropping Pattern - North Eastern Zone,https://agritech.tnau.ac.in/agriculture/agri_agrometeorology_croppingpatern_northeasternzone.html,CONFLICTING_MINOR,"Tamil Nadu Dept. of Horticulture lists SW 422.0, NE 631.4, total 1165.3 mm (different/unstated period); ICAR plan and TNAU agree with each other. Values differ by period, pattern (NE > SW) is consistent."
REG_IN_KAMRUP_001,ICAR-CRIDA Agriculture Contingency Plan: Kamrup (Assam),https://icar-crida.res.in/CP/Assam/Assam9-Kamrup.pdf,ICAR research institute (government),"Kamrup SW 1203.7 mm, NE 141.5 mm, onset timing.",ICAR-CRIDA Agriculture Contingency Plan: Nalbari (Assam),https://icar-crida.res.in/CP/Assam/Assam6-Nalbari.pdf,VERIFIED,"Nalbari and Baksa plans list identical values (1203.7 / 141.5), which suggests zone-level rather than district-level normals; treat as zone-representative."
REG_IN_LUDHIANA_001,ICAR-CRIDA Agriculture Contingency Plan: Ludhiana (Punjab),"https://icar-crida.res.in/CP/Punjab/PAU,%20Ludhiana/PUNJAB%205-Ludhiana%2030.04.2011.pdf",ICAR research institute (government),"Ludhiana SW 589 mm, NE 34 mm; Amritsar SW 533.4, NE 34.6.","ICAR Contingency Plan: Amritsar (Punjab), kvk.icar.gov.in",https://kvk.icar.gov.in/Contigencyplan/Amritsar%202a3cd0fd-980e-4ea9-a755-64bbc4eb49e0.pdf,VERIFIED,Same-zone districts show a similar pattern; absolute values differ by district.
REG_IN_ERNAKULAM_001,ICAR-CRIDA Agriculture Contingency Plan: Ernakulam (Kerala),"https://icar-crida.res.in/CP/kerala/KAU,%20Trichur/KER12-Ernakulam-30-06-2011.pdf",ICAR research institute (government),Ernakulam seasonal rainfall normals and annual total; KAU statewide SW/NE shares.,Kerala Agricultural University: Agro-ecological zones of Kerala,https://pop.kau.in/agro-ecologicalzonesofkerala.htm,VERIFIED,Components sum exactly to 2838.8 mm. KAU statement is statewide and is not specific to Ernakulam.
REG_IN_KOLLAM_001,ICAR-CRIDA Agriculture Contingency Plan: Kollam (Kerala),"https://icar-crida.res.in/CP/kerala/KAU,%20Trichur/KER9-Kollam-30-06-2011.pdf",ICAR research institute (government),Kollam seasonal rainfall normals; KAU says southern Kerala has relatively well distributed rainfall.,Kerala Agricultural University: Agro-ecological zones of Kerala,https://pop.kau.in/agro-ecologicalzonesofkerala.htm,PARTIALLY_CONFLICTING,Seasonal values (2519.4) do not sum exactly to the stated annual 2494.8; values reported as printed. 'Better distributed' is supported by KAU's statement that the southern region has relatively well distributed rainfall.
REG_IN_WAYANAD_001,ICAR-CRIDA Agriculture Contingency Plan: Wayanad (Kerala),"https://icar-crida.res.in/CP/kerala/KAU,%20Trichur/KER1-Waynad-30-06-2011.pdf",ICAR research institute (government),Wayanad SW 1230 mm / 82 days; NE 321 mm / 20 days.,Kerala Agricultural University: Agro-ecological zones of Kerala,https://pop.kau.in/agro-ecologicalzonesofkerala.htm,PRIMARY_ONLY,KAU zone page is general and does not verify the district values.
SEA_IN_GORAKHPUR_MON_001,ICAR-CRIDA Agriculture Contingency Plan: Gorakhpur (Uttar Pradesh),https://icar-crida.res.in/CP/Uttar_Pradesh/UP13-Gorakhpur-28.08.12.pdf,ICAR research institute (government),"Gorakhpur SW-monsoon rainfall, onset/cessation, monthly normals; contingency measures for waterlogging, flood and unseasonal-rain pests/disease. Temperature means from ANDUAT study.",EasyChair preprint 1706: Climatic Changes in Eastern Uttar Pradesh (Gorakhpur) - not peer reviewed,https://easychair-www.easychair.org/publications/preprint/8QGC,VERIFIED,"Preprint says rainfall mostly July-September and Gorakhpur is flood-prone; plan data are dated. Temperature from Prince et al. 2025 (The Bioscan 20(3), https://thebioscan.com/index.php/pub/article/download/3762/3045/6891), North Eastern Plain Zone of UP, 2004-2023 seasonal means; paper's rainfall columns look implausible (cumulative) and were NOT used; paper labels seasons 'summer monsoon', 'winter monsoon' for Mar-May / Dec-Feb."
SEA_IN_GORAKHPUR_WIN_001,ICAR-CRIDA Agriculture Contingency Plan: Gorakhpur (Uttar Pradesh),https://icar-crida.res.in/CP/Uttar_Pradesh/UP13-Gorakhpur-28.08.12.pdf,ICAR research institute (government),Gorakhpur Jan-Mar rainfall normals; plan includes cold wave and frost contingency measures for several crops; preprint says January is coldest. Temperature means from ANDUAT study.,EasyChair preprint 1706: Climatic Changes in Eastern Uttar Pradesh (Gorakhpur) - not peer reviewed,https://easychair-www.easychair.org/publications/preprint/8QGC,PARTIALLY_VERIFIED,"Frequency and severity of frost/cold wave are not quantified in either source; temperature range not stated. Plan 'winter' is labelled Jan-Mar, IMD winter is Dec-early Apr. Temperature from Prince et al. 2025 (The Bioscan 20(3), https://thebioscan.com/index.php/pub/article/download/3762/3045/6891), North Eastern Plain Zone of UP, 2004-2023 seasonal means; paper's rainfall columns look implausible (cumulative) and were NOT used; paper labels seasons 'summer monsoon', 'winter monsoon' for Mar-May / Dec-Feb."
SEA_IN_GORAKHPUR_SUM_001,ICAR-CRIDA Agriculture Contingency Plan: Gorakhpur (Uttar Pradesh),https://icar-crida.res.in/CP/Uttar_Pradesh/UP13-Gorakhpur-28.08.12.pdf,ICAR research institute (government),Gorakhpur Apr-May rainfall normals; plan heat-wave contingency measures; preprint says May-June is warmest. Temperature means from ANDUAT study.,EasyChair preprint 1706: Climatic Changes in Eastern Uttar Pradesh (Gorakhpur) - not peer reviewed,https://easychair-www.easychair.org/publications/preprint/8QGC,PARTIALLY_VERIFIED,"Heat-wave frequency and temperature range are not quantified; plan 'summer' is labelled Apr-May only. Temperature from Prince et al. 2025 (The Bioscan 20(3), https://thebioscan.com/index.php/pub/article/download/3762/3045/6891), North Eastern Plain Zone of UP, 2004-2023 seasonal means; paper's rainfall columns look implausible (cumulative) and were NOT used; paper labels seasons 'summer monsoon', 'winter monsoon' for Mar-May / Dec-Feb."
SEA_IN_KANCHEEPURAM_NEM_001,ICAR-CRIDA Agriculture Contingency Plan: Kancheepuram (Tamil Nadu),"https://www.icar-crida.res.in/CP/Tamilnadu/TNAU,%20Coimbattore/TN1-Kancheepuram%203.2.2011.pdf",ICAR research institute (government),NE monsoon (Oct-Dec) is the main rainy season in Kancheepuram; NE monsoon rainfall exceeds SW monsoon; NE monsoon contributes nearly half of Tamil Nadu's annual rainfall.,TNAU: District Level North East Monsoon Rainfall Forecast 2026,https://agritech.tnau.ac.in/tnaupressnotes/pdf/2026/District%20Level%20North%20East%20Monsoon%20Rainfall%20Forecast%202026%20-%20English.pdf,VERIFIED,State-level 'nearly half' statement is from the 2026 TNAU forecast note; district values vary by averaging period.
SEA_IN_ERNAKULAM_MON_001,ICAR-CRIDA Agriculture Contingency Plan: Ernakulam (Kerala),"https://icar-crida.res.in/CP/kerala/KAU,%20Trichur/KER12-Ernakulam-30-06-2011.pdf",ICAR research institute (government),Ernakulam SW-monsoon rainfall 2035.4 mm with onset 1st week of June and cessation 2nd week of September; statewide 60% SW share (KAU).,Kerala Agricultural University: Agro-ecological zones of Kerala,https://pop.kau.in/agro-ecologicalzonesofkerala.htm,VERIFIED,KAU shares are for Kerala overall.
SEA_IN_ERNAKULAM_SUM_001,ICAR-CRIDA Agriculture Contingency Plan: Ernakulam (Kerala),"https://icar-crida.res.in/CP/kerala/KAU,%20Trichur/KER12-Ernakulam-30-06-2011.pdf",ICAR research institute (government),Ernakulam Apr-May normal rainfall 405.2 mm and Jan-Mar 19.6 mm.,,,PRIMARY_ONLY,Temperature not available.
SEA_IN_JODHPUR_MON_001,ICAR-CRIDA Agriculture Contingency Plan: Jodhpur (Rajasthan),"https://icar-crida.res.in/CP/Rajastan/RAU,%20Bikaner/RAJ16-Jodhpur-9.3.2012.pdf",ICAR research institute (government),"Jodhpur monsoon onset 1-8 July (week 27), cessation 3-9 September (week 36), 234 mm; Jaipur onset 4th week June, 514.8 mm.","ICAR Contingency Plan: Jaipur (Rajasthan), kvk.icar.gov.in",https://kvk.icar.gov.in/Contigencyplan/Jaipur%200e79fecb-7b02-4a50-87de-22195646f8f2.pdf,PARTIALLY_VERIFIED,Different districts; Jaipur used only to show regional contrast.
SEA_IN_BENGALURU_NEM_001,"ICAR Contingency Plan: Bengaluru Rural (Karnataka), kvk.icar.gov.in",https://kvk.icar.gov.in/Contigencyplan/Bangalore%20Ruralaa9ac6f8-8669-4334-9c7e-42c240301a88.pdf,ICAR / KVK (government),Bengaluru Rural NE monsoon 223 mm vs SW 415 mm; Ramanagara 230 vs 426 mm.,ICAR-CRIDA Agriculture Contingency Plan: Ramanagara (Karnataka),"https://www.icar-crida.res.in/CP/Karnataka/GKVK,%20Bangalore/KAR19-%20Ramanagara%2031.05.2011.pdf",VERIFIED,Temperature not available.
ZONE_IN_AGROCLIMATIC_FRAMEWORK_001,ICAR-CRIDA Agriculture Contingency Plan: Gorakhpur (Uttar Pradesh),https://icar-crida.res.in/CP/Uttar_Pradesh/UP13-Gorakhpur-28.08.12.pdf,ICAR research institute (government),"ICAR-CRIDA district plans list a Planning Commission agro-climatic region, an NARP agro-climatic zone and an ICAR agro-ecological sub-region for each district.",ICAR KRISHI repository: Contingency Plan Kushinagar (Uttar Pradesh),https://krishi.icar.gov.in/jspui/handle/123456789/49039,PRIMARY_ONLY,Describes how this dataset labels Indian regions; not a climate statement.
SEA_GB_MET_SPRING_001,Royal Meteorological Society: Difference between meteorological and astronomical seasons (citing UK Met Office),https://www.rmets.org/metmatters/difference-between-meteorological-and-astronomical-seasons,Established scientific society,"UK Met Office meteorological convention: spring = March, April and May.",,,PRIMARY_ONLY,Convention is for the UK/mid-latitude Northern Hemisphere; no temperature values given.
SEA_GB_MET_SUMMER_001,Royal Meteorological Society: Difference between meteorological and astronomical seasons (citing UK Met Office),https://www.rmets.org/metmatters/difference-between-meteorological-and-astronomical-seasons,Established scientific society,"UK Met Office meteorological convention: summer = June, July and August (described as the warmest months).",,,PRIMARY_ONLY,Convention is for the UK/mid-latitude Northern Hemisphere; no temperature values given.
SEA_GB_MET_AUTUMN_001,Royal Meteorological Society: Difference between meteorological and astronomical seasons (citing UK Met Office),https://www.rmets.org/metmatters/difference-between-meteorological-and-astronomical-seasons,Established scientific society,"UK Met Office meteorological convention: autumn = September, October and November.",,,PRIMARY_ONLY,Convention is for the UK/mid-latitude Northern Hemisphere; no temperature values given.
SEA_GB_MET_WINTER_001,Royal Meteorological Society: Difference between meteorological and astronomical seasons (citing UK Met Office),https://www.rmets.org/metmatters/difference-between-meteorological-and-astronomical-seasons,Established scientific society,"UK Met Office meteorological convention: winter = December, January and February (described as the coldest months).",,,PRIMARY_ONLY,Convention is for the UK/mid-latitude Northern Hemisphere; no temperature values given.
SEA_AU_FOURSEASON_001,Bureau of Meteorology (Australia): Australia's seasons - how many and when,https://media.bom.gov.au/social/blog/1762/solstices-and-equinoxes-the-reasons-for-the-seasons/,National meteorological agency,"Australia's weather year is divided into four seasons starting 1 March, 1 June, 1 September and 1 December; summer is December-February, the warmest three months.",,,PRIMARY_ONLY,Autumn/winter/spring month lists are inferred from the start dates; the source excerpt names summer explicitly.
SEA_AU_NORTH_WET_001,Bureau of Meteorology (Australia): Australia's seasons - how many and when,https://media.bom.gov.au/social/blog/1762/solstices-and-equinoxes-the-reasons-for-the-seasons/,National meteorological agency,Australian northern tropics: little difference between winter and summer average temperatures; two seasons: wet season (Oct-Apr) with heaviest rainfall.,,,PRIMARY_ONLY,"Wet-season start in practice varies; tourism sources quote Nov-Apr, but the BoM range was used."
SEA_AU_NORTH_DRY_001,Bureau of Meteorology (Australia): Australia's seasons - how many and when,https://media.bom.gov.au/social/blog/1762/solstices-and-equinoxes-the-reasons-for-the-seasons/,National meteorological agency,"Australian northern tropics dry season May-September, months that generally see less rain.",,,PRIMARY_ONLY,Temperature not quantified.
REG_SG_EQUATORIAL_001,Meteorological Service Singapore / NEA: The Weather and Climate of Singapore (publication page),https://www.nea.gov.sg/corporate-functions/resources/publications/books-journals-and-magazines/weather-and-climate-of-singapore,National meteorological agency,Singapore has no four distinct seasons; it has monsoon seasons and inter-monsoon periods; inter-monsoon conditions set in early October 2025 after the SW monsoon.,"Meteorological Service Singapore / NEA advisory, 1 Oct 2025: inter-monsoon conditions",https://www.nea.gov.sg/media/news/advisories/index/more-wet-weather-with-onset-of-inter-monsoon-conditions-,VERIFIED,"Month ranges for each monsoon are not stated in the NEA excerpts retrieved, so they are not recorded."
ZONE_US_PHZM2023_001,USDA ARS: USDA Unveils Updated Plant Hardiness Zone Map (2023),https://www.ars.usda.gov/news-events/news/research-news/2023/usda-unveils-updated-plant-hardiness-zone-map/,Government research agency,USDA 2023 Plant Hardiness Zone Map: 30-year averages of lowest annual winter temperatures; 10 F zones with 5 F half-zones; zone = average annual extreme minimum temperature; 13-zone structure.,,,PRIMARY_ONLY,Describes the classification; individual zone temperature bounds not listed here.
LOC_IN_PATNA_001,ICAR-CRIDA Agriculture Contingency Plan: Patna (Bihar),https://icar-crida.res.in/CP/Bihar/BR27_Patna_28.12.2013.pdf,ICAR research institute (government),Patna is in NARP zone BI-3; region IV; ICAR eco-region 13.1 per Patna plan.,ICAR-CRIDA Agriculture Contingency Plan: Nalanda (Bihar),https://icar-crida.res.in/CP/Bihar/BR29_Nalanda%20_28.12.2013.pdf,VERIFIED,"Nalanda plan lists Patna in BI-3. ICAR sub-region code differs between plans (13.1 in Patna, Lakhisarai, Munger; 9.2 in Nalanda, Gaya, Bhojpur); Patna's own code recorded."
LOC_IN_KHORDHA_001,"ICAR Contingency Plan: Khurda (Odisha), kvk.icar.gov.in",https://kvk.icar.gov.in/Contigencyplan/Khordha%206bcf8ff2-0c1d-47c8-a523-559da6d1d867.pdf,ICAR / KVK (government),Khordha in OR-4; region XI; ICAR sub-region 12.2.,ICAR KRISHI repository: Contingency Plan Jagatsinghpur (Odisha),https://krishi.icar.gov.in/jspui/handle/123456789/49704,VERIFIED,Jagatsinghpur plan lists Khordha in OR-4 and region XI. ICAR sub-region differs between plans (12.2 Khurda/Nayagarh; 18.4 Jagatsinghpur/Kendrapara); Khurda's own value recorded. ICAR-IIPR also states the same zone and region. Station coordinates from IIPR.
LOC_IN_AHMEDABAD_001,ICAR-CRIDA Agriculture Contingency Plan: Ahmedabad (Gujarat),"https://www.icar-crida.res.in/CP/Gujarat/SKDAU,Banasakantha/GUJ%2022-Ahmedabad%20%2004.105.2011.pdf",ICAR research institute (government),Ahmedabad spans multiple NARP zones; ICAR eco-region 2.3; Gujarat Plains and Hills Region.,ICAR-CRIDA Agriculture Contingency Plan: Mehsana (Gujarat),"https://icar-crida.res.in/CP/Gujarat/SKDAU,Banasakantha/GUJ2-Mehsana%203.2.2011.pdf",PARTIALLY_CONFLICTING,Ahmedabad plan prints the region as 'Coastal Plains and Hills (XIII)' while all other Gujarat plans say Gujarat Plains and Hills Region (XIII); the latter is used. Mehsana plan lists Ahmedabad in GJ-4; Dahod and Panchmahals plans list Ahmedabad in Middle Gujarat GJ-3.
LOC_IN_DEHRADUN_001,ICAR-CRIDA Agriculture Contingency Plan: Dehradun (Uttarakhand),https://icar-crida.res.in/CP/Uttarkhand/UKD7-Dehradun-10.07.14.pdf,ICAR research institute (government),Dehradun in Western Himalayan Region (I); ICAR eco-region 14.4; Hill Zone; HQ 960 m.,ICAR KRISHI repository: Contingency Plan Tehri Garhwal (Uttarakhand),https://krishi.icar.gov.in/jspui/handle/123456789/29484?mode=full,PARTIALLY_CONFLICTING,"Tehri Garhwal plan lists Dehradun in 'Hill zone (UP-1)'. Neighbouring plans use AZ-26, AZ-27 Mid Hills and 'Sub Temperate to Temperate' labels. ICAR eco-region code also varies (14.2, 14.4, 14.5)."
REG_IN_PATNA_001,ICAR-CRIDA Agriculture Contingency Plan: Patna (Bihar),https://icar-crida.res.in/CP/Bihar/BR27_Patna_28.12.2013.pdf,ICAR research institute (government),"Patna SW 906 mm (41 rainy days), NE 71 mm (3 days); Nalanda 899/65.",ICAR-CRIDA Agriculture Contingency Plan: Nalanda (Bihar),https://icar-crida.res.in/CP/Bihar/BR29_Nalanda%20_28.12.2013.pdf,VERIFIED,Rainy-days and onset cells are partly garbled in text extraction.
REG_IN_KHORDHA_001,ICAR-IIPR Regional Station Khordha: station profile (Khordha district climate),https://iipr.icar.gov.in/?p=684,ICAR research institute (government),Khordha normal rainfall 1408 mm (68.4 rainy days); SW 1056.2 mm; NE 204.7 mm; Jan-Feb 36.7 mm; max temperature 42.2 C and min 11.1 C; relative humidity 46-89%.,"ICAR Contingency Plan: Khurda (Odisha), kvk.icar.gov.in",https://kvk.icar.gov.in/Contigencyplan/Khordha%206bcf8ff2-0c1d-47c8-a523-559da6d1d867.pdf,VERIFIED,"IIPR page and Khurda plan agree on SW 1056.2 and NE 204.7. Period of the temperature extremes and humidity range is not stated; an OUAT thesis cites 1463 mm average, so normals differ by period."
REG_IN_AHMEDABAD_001,ICAR-CRIDA Agriculture Contingency Plan: Ahmedabad (Gujarat),"https://www.icar-crida.res.in/CP/Gujarat/SKDAU,Banasakantha/GUJ%2022-Ahmedabad%20%2004.105.2011.pdf",ICAR research institute (government),Ahmedabad SW monsoon 756 mm on 32 rainy days; onset 3rd week of June; cessation 2nd week of September; NE monsoon rainfall not reported.,,,PRIMARY_ONLY,No secondary retrieved for the rainfall figures.
REG_IN_BHOPAL_001,ICAR-CRIDA Agriculture Contingency Plan: Bhopal (Madhya Pradesh),https://icar-crida.res.in/CP/madhya%20pradesh/MP42_Bhopal_24.09.13.pdf,ICAR research institute (government),"Bhopal SW 945.3, NE 72.2, Jan-Mar 20.9, Apr-May 41.2, annual 1079.6 mm; onset 2nd week of June; cessation 2nd week of September; plan gives light-irrigation measures for cold wave/frost; heat wave listed as Not Applicable.",,,PRIMARY_ONLY,Full plan read. Regular/occasional ticks for contingencies cannot be read from the extracted text.
REG_IN_PUNE_001,Pune district administration: About Pune (weather and rainfall),https://pune.gov.in/?p=24799,District administration (government),"Pune district: tropical monsoon climate, rainfall unevenly distributed (west highest; Pune city moderate; Shirur/Daund/Indapur/Baramati lowest), about 87% of rain in monsoon months, monsoon arrives June with peak July-August, April-May hottest. Pune city: average annual rainfall 76.3 cm, 79% in monsoon season, July wettest (18.4 cm), 49 rainy days a year.",Indian Institute of Tropical Meteorology (MoES) ICCP-2021 page: Weather in Pune,https://iccp2020.tropmet.res.in/weatherinpune,CONFLICTING_MINOR,District page says about 87% in monsoon months; IITM says 79% in the monsoon season for the city; definitions and areas differ.
REG_IN_PCREGION_01_001,e-PG Pathshala (UGC/MHRD) module RG-38: Agro-climatic Regions of India (Jamia Millia Islamia),https://epgp.inflibnet.ac.in/epgpdata/uploads/epgp_content/S000017GE/P001789/M025466/ET/1512709815Agro-climaticzones_e-text.pdf,University e-text (government e-learning programme),Western Himalayan Region (I): temperature and rainfall ranges as stated in the e-text.,,,SINGLE_SOURCE,Single university e-text compiling Planning Commission regional descriptions (cites Wadia 1996); not cross-checked against IMD or a primary government document. Temperature ranges are region-wide and mix very different localities.
REG_IN_PCREGION_02_001,e-PG Pathshala (UGC/MHRD) module RG-38: Agro-climatic Regions of India (Jamia Millia Islamia),https://epgp.inflibnet.ac.in/epgpdata/uploads/epgp_content/S000017GE/P001789/M025466/ET/1512709815Agro-climaticzones_e-text.pdf,University e-text (government e-learning programme),Eastern Himalayan Region (II): temperature and rainfall ranges as stated in the e-text.,,,SINGLE_SOURCE,Single university e-text compiling Planning Commission regional descriptions (cites Wadia 1996); not cross-checked against IMD or a primary government document. Temperature ranges are region-wide and mix very different localities.
REG_IN_PCREGION_03_001,e-PG Pathshala (UGC/MHRD) module RG-38: Agro-climatic Regions of India (Jamia Millia Islamia),https://epgp.inflibnet.ac.in/epgpdata/uploads/epgp_content/S000017GE/P001789/M025466/ET/1512709815Agro-climaticzones_e-text.pdf,University e-text (government e-learning programme),Lower Gangetic Plains Region (III): temperature and rainfall ranges as stated in the e-text.,,,SINGLE_SOURCE,Single university e-text compiling Planning Commission regional descriptions (cites Wadia 1996); not cross-checked against IMD or a primary government document. Temperature ranges are region-wide and mix very different localities.
REG_IN_PCREGION_04_001,e-PG Pathshala (UGC/MHRD) module RG-38: Agro-climatic Regions of India (Jamia Millia Islamia),https://epgp.inflibnet.ac.in/epgpdata/uploads/epgp_content/S000017GE/P001789/M025466/ET/1512709815Agro-climaticzones_e-text.pdf,University e-text (government e-learning programme),Middle Gangetic Plains Region (IV): temperature and rainfall ranges as stated in the e-text.,,,SINGLE_SOURCE,Single university e-text compiling Planning Commission regional descriptions (cites Wadia 1996); not cross-checked against IMD or a primary government document. Temperature ranges are region-wide and mix very different localities.
REG_IN_PCREGION_05_001,e-PG Pathshala (UGC/MHRD) module RG-38: Agro-climatic Regions of India (Jamia Millia Islamia),https://epgp.inflibnet.ac.in/epgpdata/uploads/epgp_content/S000017GE/P001789/M025466/ET/1512709815Agro-climaticzones_e-text.pdf,University e-text (government e-learning programme),Upper Gangetic Plains Region (V): temperature and rainfall ranges as stated in the e-text.,,,SINGLE_SOURCE,Single university e-text compiling Planning Commission regional descriptions (cites Wadia 1996); not cross-checked against IMD or a primary government document. Temperature ranges are region-wide and mix very different localities.
REG_IN_PCREGION_06_001,e-PG Pathshala (UGC/MHRD) module RG-38: Agro-climatic Regions of India (Jamia Millia Islamia),https://epgp.inflibnet.ac.in/epgpdata/uploads/epgp_content/S000017GE/P001789/M025466/ET/1512709815Agro-climaticzones_e-text.pdf,University e-text (government e-learning programme),Trans-Gangetic Plains Region (VI): temperature and rainfall ranges as stated in the e-text.,,,SINGLE_SOURCE,Single university e-text compiling Planning Commission regional descriptions (cites Wadia 1996); not cross-checked against IMD or a primary government document. Temperature ranges are region-wide and mix very different localities.
REG_IN_PCREGION_07_001,e-PG Pathshala (UGC/MHRD) module RG-38: Agro-climatic Regions of India (Jamia Millia Islamia),https://epgp.inflibnet.ac.in/epgpdata/uploads/epgp_content/S000017GE/P001789/M025466/ET/1512709815Agro-climaticzones_e-text.pdf,University e-text (government e-learning programme),Eastern Plateau and Hills Region (VII): temperature and rainfall ranges as stated in the e-text.,,,SINGLE_SOURCE,Single university e-text compiling Planning Commission regional descriptions (cites Wadia 1996); not cross-checked against IMD or a primary government document. Temperature ranges are region-wide and mix very different localities.
REG_IN_PCREGION_08_001,e-PG Pathshala (UGC/MHRD) module RG-38: Agro-climatic Regions of India (Jamia Millia Islamia),https://epgp.inflibnet.ac.in/epgpdata/uploads/epgp_content/S000017GE/P001789/M025466/ET/1512709815Agro-climaticzones_e-text.pdf,University e-text (government e-learning programme),Central Plateau and Hills Region (VIII): temperature and rainfall ranges as stated in the e-text.,,,SINGLE_SOURCE,Single university e-text compiling Planning Commission regional descriptions (cites Wadia 1996); not cross-checked against IMD or a primary government document. Temperature ranges are region-wide and mix very different localities.
REG_IN_PCREGION_09_001,e-PG Pathshala (UGC/MHRD) module RG-38: Agro-climatic Regions of India (Jamia Millia Islamia),https://epgp.inflibnet.ac.in/epgpdata/uploads/epgp_content/S000017GE/P001789/M025466/ET/1512709815Agro-climaticzones_e-text.pdf,University e-text (government e-learning programme),Western Plateau and Hills Region (IX): temperature and rainfall ranges as stated in the e-text.,,,SINGLE_SOURCE,Single university e-text compiling Planning Commission regional descriptions (cites Wadia 1996); not cross-checked against IMD or a primary government document. Temperature ranges are region-wide and mix very different localities.
REG_IN_PCREGION_10_001,e-PG Pathshala (UGC/MHRD) module RG-38: Agro-climatic Regions of India (Jamia Millia Islamia),https://epgp.inflibnet.ac.in/epgpdata/uploads/epgp_content/S000017GE/P001789/M025466/ET/1512709815Agro-climaticzones_e-text.pdf,University e-text (government e-learning programme),Southern Plateau and Hills Region (X): temperature and rainfall ranges as stated in the e-text.,,,SINGLE_SOURCE,Single university e-text compiling Planning Commission regional descriptions (cites Wadia 1996); not cross-checked against IMD or a primary government document. Temperature ranges are region-wide and mix very different localities.
REG_IN_PCREGION_11_001,e-PG Pathshala (UGC/MHRD) module RG-38: Agro-climatic Regions of India (Jamia Millia Islamia),https://epgp.inflibnet.ac.in/epgpdata/uploads/epgp_content/S000017GE/P001789/M025466/ET/1512709815Agro-climaticzones_e-text.pdf,University e-text (government e-learning programme),East Coast Plains and Hills Region (XI): temperature and rainfall ranges as stated in the e-text.,,,SINGLE_SOURCE,Single university e-text compiling Planning Commission regional descriptions (cites Wadia 1996); not cross-checked against IMD or a primary government document. Temperature ranges are region-wide and mix very different localities.
REG_IN_PCREGION_12_001,e-PG Pathshala (UGC/MHRD) module RG-38: Agro-climatic Regions of India (Jamia Millia Islamia),https://epgp.inflibnet.ac.in/epgpdata/uploads/epgp_content/S000017GE/P001789/M025466/ET/1512709815Agro-climaticzones_e-text.pdf,University e-text (government e-learning programme),West Coast Plains and Ghats Region (XII): temperature and rainfall ranges as stated in the e-text.,,,SINGLE_SOURCE,Single university e-text compiling Planning Commission regional descriptions (cites Wadia 1996); not cross-checked against IMD or a primary government document. Temperature ranges are region-wide and mix very different localities.
REG_IN_PCREGION_13_001,e-PG Pathshala (UGC/MHRD) module RG-38: Agro-climatic Regions of India (Jamia Millia Islamia),https://epgp.inflibnet.ac.in/epgpdata/uploads/epgp_content/S000017GE/P001789/M025466/ET/1512709815Agro-climaticzones_e-text.pdf,University e-text (government e-learning programme),Gujarat Plains and Hills Region (XIII): temperature and rainfall ranges as stated in the e-text.,,,SINGLE_SOURCE,Single university e-text compiling Planning Commission regional descriptions (cites Wadia 1996); not cross-checked against IMD or a primary government document. Temperature ranges are region-wide and mix very different localities.
REG_IN_PCREGION_14_001,e-PG Pathshala (UGC/MHRD) module RG-38: Agro-climatic Regions of India (Jamia Millia Islamia),https://epgp.inflibnet.ac.in/epgpdata/uploads/epgp_content/S000017GE/P001789/M025466/ET/1512709815Agro-climaticzones_e-text.pdf,University e-text (government e-learning programme),Western Dry Region (XIV): temperature and rainfall ranges as stated in the e-text.,,,SINGLE_SOURCE,Single university e-text compiling Planning Commission regional descriptions (cites Wadia 1996); not cross-checked against IMD or a primary government document. Temperature ranges are region-wide and mix very different localities.
REG_IN_PCREGION_15_001,e-PG Pathshala (UGC/MHRD) module RG-38: Agro-climatic Regions of India (Jamia Millia Islamia),https://epgp.inflibnet.ac.in/epgpdata/uploads/epgp_content/S000017GE/P001789/M025466/ET/1512709815Agro-climaticzones_e-text.pdf,University e-text (government e-learning programme),The Islands Region (XV): temperature and rainfall ranges as stated in the e-text.,,,SINGLE_SOURCE,Single university e-text compiling Planning Commission regional descriptions (cites Wadia 1996); not cross-checked against IMD or a primary government document. Temperature ranges are region-wide and mix very different localities.
